year,month,intentional_homicide,death_by_physical_injury,robbery_with_fatal_violence,violent_fatalities,homicide_by_police_action,violent_lethality,attempted_homicide,intentional_bodily_injury,rape,negligent_homicide,negligent_bodily_injury,street_robbery,cellphone_robbery,robbery_in_public_transport,street_robbery,vehicle_robbery,cargo_theft,commercial_establishment_robbery,residential_robbery,bank_robbery,ATM_robbery,robbery_during_withdrawal,post_withdrawal_robbery,bicycle_robbery,other_robberies,total_robberies,motor_vehicle_theft,pedestrian_theft,public_transport_theft,cellphone_theft,bicycle_theft,other_thefts,total_thefts,kidnapping,extortion,express_kidnapping,fraud,drug_seizure,drug_possession,drug_trafficking,drug_seizure_without_authorization,vehicle_recovery,police_arrests_flagrant,admonition_of_infringement_of_rights_by_the_police,notification_of_infringement_of_rights_by_the_police,notification_of_infringement_of_rights_by_the_police,threat,missing_people,discovered_corpse,discovered_human_remains,police_officers_killed_on_duty,civilian_police_employees_killed_on_duty,crime_reports,phase
1991,1,657,,15,,,672,162,3051,,,,967,,381,1348,1174,63,350,188,37,,,,,158,3318,2009,1147,,,,3561,6717,,,,,133,,,,872,,,,,,,217,,,,,3
1991,2,732,,17,,,749,175,3421,,,,963,,432,1395,1097,64,357,171,35,,,,,142,3261,1850,1066,,,,3309,6225,,,,,127,,,,751,,,,,,,209,,,,,3
1991,3,713,,25,,,738,216,3613,,,,963,,422,1385,1265,71,443,191,43,,,,,131,3529,2084,1062,,,,3573,6719,,,,,80,,,,789,,,,,,,188,,,,,3
1991,4,634,,20,,,654,200,3211,,,,1186,,354,1540,1415,81,425,199,36,,,,,112,3808,2085,1195,,,,3290,6570,,,,,133,,,,787,,,,,,,140,,,,,3
1991,5,650,,20,,,670,146,3051,,,,931,,335,1266,1449,82,553,231,27,,,,,147,3755,2185,723,,,,3546,6454,,,,,163,,,,845,,,,,,,78,,,,,3
1991,6,647,,14,,,661,201,2977,,,,831,,342,1173,1354,82,518,178,37,,,,,81,3423,1992,673,,,,3519,6184,,,,,157,,,,802,,,,,,,111,,,,,3
1991,7,558,,14,,,572,201,2784,,,,797,,308,1105,1365,82,496,186,25,,,,,94,3353,1978,700,,,,3604,6282,,,,,203,,,,870,,,,,,,126,,,,,3
1991,8,557,,11,,,568,209,3134,,,,813,,299,1112,1347,71,498,189,29,,,,,88,3334,1835,794,,,,3641,6270,,,,,215,,,,809,,,,,,,79,,,,,3
1991,9,542,,19,,,561,146,3026,,,,805,,281,1086,1353,91,473,199,12,,,,,90,3304,1993,810,,,,3460,6263,,,,,179,,,,756,,,,,,,71,,,,,3
1991,10,613,,21,,,634,200,3482,,,,834,,328,1162,1470,83,561,228,16,,,,,107,3627,1999,862,,,,3621,6482,,,,,184,,,,818,,,,,,,95,,,,,3
1991,11,577,,13,,,590,192,3300,,,,978,,409,1387,1600,94,569,239,26,,,,,97,4012,2039,884,,,,3601,6524,,,,,170,,,,886,,,,,,,50,,,,,3
1991,12,638,,16,,,654,202,4003,,,,1022,,358,1380,1563,157,563,242,24,,,,,131,4060,1930,1028,,,,3563,6521,,,,,122,,,,905,,,,,,,95,,,,,3
1992,1,617,,19,,,636,176,3155,,,,962,,373,1335,1801,172,579,271,12,,,,,126,4296,2357,969,,,,3987,7313,,,,,189,,,,984,,,,,,,90,,,,,3
1992,2,691,,27,,,718,184,3413,,,,967,,426,1393,1877,200,613,300,28,,,,,139,4550,2236,937,,,,3713,6886,,,,,154,,,,917,,,,,,,90,,,,,3
1992,3,767,,12,,,779,181,3732,,,,1069,,426,1495,1825,172,559,250,27,,,,,82,4410,2241,939,,,,3983,7163,,,,,179,,,,951,,,,,,,72,,,,,3
1992,4,648,,29,,,677,172,3293,,,,1050,,438,1488,2090,182,544,268,13,,,,,119,4704,2199,875,,,,3841,6915,,,,,138,,,,969,,,,,,,66,,,,,3
1992,5,639,,28,,,667,196,3042,,,,940,,439,1379,2194,143,523,276,16,,,,,126,4657,2422,849,,,,3789,7060,,,,,149,,,,1042,,,,,,,56,,,,,3
1992,6,583,,26,,,609,145,3013,,,,901,,417,1318,2220,171,444,237,10,,,,,93,4493,2340,819,,,,3594,6753,,,,,158,,,,933,,,,,,,61,,,,,3
1992,7,541,,36,,,577,130,2881,,,,810,,384,1194,2167,151,412,214,19,,,,,107,4264,2415,787,,,,3672,6874,,,,,188,,,,951,,,,,,,67,,,,,3
1992,8,616,,27,,,643,128,3034,,,,850,,397,1247,1959,134,375,249,15,,,,,114,4093,2288,818,,,,3686,6792,,,,,186,,,,900,,,,,,,53,,,,,3
1992,9,560,,19,,,579,135,2897,,,,808,,370,1178,2165,168,340,255,13,,,,,112,4231,2315,839,,,,3487,6641,,,,,191,,,,940,,,,,,,63,,,,,3
1992,10,638,,24,,,662,160,3337,,,,827,,406,1233,2322,135,361,258,25,,,,,121,4455,2452,875,,,,3593,6920,,,,,162,,,,934,,,,,,,66,,,,,3
1992,11,658,,19,,,677,149,3190,,,,807,,377,1184,2050,122,365,247,26,,,,,107,4101,2355,764,,,,3586,6705,,,,,175,,,,910,,,,,,,69,,,,,3
1992,12,677,,22,,,699,154,3502,,,,823,,357,1180,1832,186,351,255,23,,,,,91,3918,1999,931,,,,3694,6624,,,,,174,,,,815,,,,,,,96,,,,,3
1993,1,597,,13,,,610,139,3411,,,,688,,410,1098,2048,133,299,233,20,,,,,104,3935,2341,761,,,,3791,6893,,,,,175,,,,855,,,,,,,85,,,,,3
1993,2,651,,17,,,668,171,3449,,,,752,,348,1100,1897,135,279,220,20,,,,,111,3762,2127,671,,,,3461,6259,,,,,160,,,,731,,,,,,,85,,,,,3
1993,3,755,,18,,,773,169,3434,,,,735,,450,1185,2289,146,337,218,13,,,,,161,4349,2458,636,,,,3809,6903,,,,,164,,,,869,,,,,,,76,,,,,3
1993,4,721,,23,,,744,156,3246,,,,829,,395,1224,1994,139,294,216,25,,,,,142,4034,2088,561,,,,3618,6267,,,,,139,,,,947,,,,,,,61,,,,,3
1993,5,665,,24,,,689,152,3251,,,,755,,447,1202,2008,117,350,193,17,,,,,133,4020,2287,517,,,,3604,6408,,,,,160,,,,956,,,,,,,55,,,,,3
1993,6,624,,24,,,648,127,2466,,,,749,,391,1140,1988,114,310,214,17,,,,,127,3910,2199,569,,,,3389,6157,,,,,138,,,,992,,,,,,,60,,,,,3
1993,7,657,,20,,,677,142,3016,,,,818,,355,1173,2029,138,290,199,14,,,,,118,3961,2272,662,,,,3480,6414,,,,,156,,,,1018,,,,,,,45,,,,,3
1993,8,617,,22,,,639,136,2888,,,,899,,351,1250,2097,143,247,205,15,,,,,124,4081,2273,660,,,,3475,6408,,,,,108,,,,952,,,,,,,59,,,,,3
1993,9,572,,19,,,591,122,2566,,,,787,,362,1149,2058,143,297,217,14,,,,,98,3976,2354,580,,,,3349,6283,,,,,126,,,,1007,,,,,,,47,,,,,3
1993,10,634,,29,,,663,159,3223,,,,903,,412,1315,2228,142,282,249,28,,,,,119,4363,2393,601,,,,3518,6512,,,,,154,,,,1088,,,,,,,52,,,,,3
1993,11,609,,31,,,640,139,3198,,,,958,,423,1381,2181,166,328,220,25,,,,,127,4428,2173,612,,,,3390,6175,,,,,134,,,,1139,,,,,,,71,,,,,3
1993,12,618,,25,,,643,129,3485,,,,907,,378,1285,1973,185,326,221,17,,,,,123,4130,1932,658,,,,3399,5989,,,,,135,,,,1065,,,,,,,96,,,,,3
1994,1,671,,19,,,690,159,3120,,,,912,,352,1264,2010,94,304,216,18,,,,,136,4042,2286,538,,,,3407,6231,,,,,133,,,,1055,,,,,,,56,,,,,3
1994,2,704,,20,,,724,129,3407,,,,842,,371,1213,2033,96,316,184,18,,,,,114,3974,1862,605,,,,3021,5488,,,,,121,,,,1111,,,,,,,89,,,,,3
1994,3,740,,22,,,762,132,2909,,,,1041,,449,1490,2725,101,358,249,26,,,,,166,5115,2630,629,,,,3242,6501,,,,,130,,,,1303,,,,,,,64,,,,,3
1994,4,737,,20,,,757,137,2752,,,,980,,448,1428,2497,112,377,200,20,,,,,170,4804,2394,521,,,,3122,6037,,,,,127,,,,1218,,,,,,,71,,,,,3
1994,5,621,,24,,,645,122,2839,,,,981,,481,1462,2589,139,371,225,22,,,,,180,4988,2548,488,,,,3221,6257,,,,,169,,,,1410,,,,,,,66,,,,,3
1994,6,682,,16,,,698,160,2549,,,,977,,356,1333,2560,112,324,198,10,,,,,126,4663,2409,502,,,,2960,5871,,,,,152,,,,1450,,,,,,,66,,,,,3
1994,7,681,,24,,,705,137,2731,,,,912,,374,1286,2360,140,279,179,17,,,,,118,4379,2497,521,,,,2925,5943,,,,,168,,,,1456,,,,,,,73,,,,,3
1994,8,610,,18,,,628,134,2350,,,,1174,,426,1600,2196,108,914,196,19,,,,,170,5203,2281,1013,,,,3510,6804,,,,,166,,,,1312,,,,,,,71,,,,,3
1994,9,694,,12,,,706,138,2887,,,,849,,427,1276,2170,92,278,157,36,,,,,127,4136,1841,549,,,,2710,5100,,,,,179,,,,1369,,,,,,,80,,,,,3
1994,10,761,,8,,,769,177,3122,,,,897,,331,1228,2361,102,302,144,44,,,,,111,4292,2068,475,,,,2719,5262,,,,,152,,,,1483,,,,,,,83,,,,,3
1994,11,681,,19,,,700,145,3481,,,,1043,,338,1381,1957,101,287,160,38,,,,,127,4051,1736,505,,,,2794,5035,,,,,190,,,,1383,,,,,,,96,,,,,3
1994,12,826,,21,,,847,196,3550,,,,1045,,406,1451,2012,189,293,165,42,,,,,159,4311,1679,571,,,,2712,4962,,,,,143,,,,1480,,,,,,,98,,,,,3
1995,1,831,,17,,,848,166,3626,,,,1056,,377,1433,2060,188,323,174,38,,,,,134,4350,1924,520,,,,2941,5385,,,,,147,,,,1435,,,,,,,98,,,,,3
1995,2,814,,16,,,830,179,3286,,,,981,,350,1331,1876,118,294,144,32,,,,,152,3947,1737,465,,,,2519,4721,,,,,194,,,,1293,,,,,,,78,,,,,3
1995,3,756,,17,,,773,168,3258,,,,976,,413,1389,2271,160,352,159,26,,,,,190,4547,2135,457,,,,2889,5481,,,,,181,,,,1491,,,,,,,69,,,,,3
1995,4,788,,20,,,808,170,3028,,,,1033,,426,1459,2293,86,315,150,37,,,,,176,4516,1842,440,,,,2556,4838,,,,,230,,,,1496,,,,,,,93,,,,,3
1995,5,784,,19,,,803,149,2864,,,,1021,,415,1436,2178,101,322,158,26,,,,,169,4390,1843,441,,,,2815,5099,,,,,192,,,,1615,,,,,,,89,,,,,3
1995,6,673,,20,,,693,141,2786,,,,883,,442,1325,2061,94,298,132,31,,,,,174,4115,1951,463,,,,2606,5020,,,,,246,,,,1580,,,,,,,97,,,,,3
1995,7,702,,12,,,714,190,3266,,,,904,,416,1320,2010,74,343,157,43,,,,,159,4106,1927,514,,,,2614,5055,,,,,326,,,,1557,,,,,,,101,,,,,3
1995,8,664,,12,,,676,187,3256,,,,963,,445,1408,2007,68,367,124,49,,,,,182,4205,1817,622,,,,2697,5136,,,,,446,,,,1626,,,,,,,116,,,,,3
1995,9,623,,19,,,642,165,3178,,,,936,,498,1434,1906,62,299,97,29,,,,,154,3981,1736,560,,,,2523,4819,,,,,355,,,,1495,,,,,,,70,,,,,3
1995,10,565,,18,,,583,160,3207,,,,867,,486,1353,1806,59,361,122,37,,,,,147,3885,1819,622,,,,2512,4953,,,,,395,,,,1459,,,,,,,108,,,,,3
1995,11,603,,17,,,620,129,3180,,,,871,,456,1327,1699,98,288,130,54,,,,,149,3745,1622,595,,,,2474,4691,,,,,418,,,,1342,,,,,,,110,,,,,3
1995,12,635,,13,,,648,140,3534,,,,890,,402,1292,1509,90,324,78,38,,,,,153,3484,1575,715,,,,2498,4788,,,,,378,,,,1233,,,,,,,104,,,,,3
1996,1,621,,10,,,631,173,3680,,,,986,,413,1399,1569,196,243,96,26,,,,,194,3723,1731,622,,,,2773,5126,,,,,416,,,,1015,,,,,,,156,,,,,3
1996,2,601,,17,,,618,146,3389,,,,1002,,436,1438,1555,216,274,67,31,,,,,162,3743,1526,787,,,,2538,4851,,,,,362,,,,901,,,,,,,71,,,,,3
1996,3,706,,14,,,720,200,3428,,,,994,,480,1474,1890,265,315,84,30,,,,,243,4301,1829,799,,,,2623,5251,,,,,474,,,,1109,,,,,,,111,,,,,3
1996,4,578,,14,,,592,139,3304,,,,1006,,530,1536,1741,250,433,120,47,,,,,207,4334,1720,788,,,,2618,5126,,,,,492,,,,1025,,,,,,,82,,,,,3
1996,5,556,,16,,,572,162,3228,,,,1025,,567,1592,1652,244,335,84,24,,,,,196,4127,1777,855,,,,2584,5216,,,,,561,,,,1118,,,,,,,77,,,,,3
1996,6,596,,18,,,614,157,3310,,,,958,,507,1465,1506,237,294,77,22,,,,,173,3774,1586,813,,,,2322,4721,,,,,506,,,,951,,,,,,,64,,,,,3
1996,7,624,,14,,,638,162,3182,,,,1073,,485,1558,1507,254,278,87,18,,,,,148,3850,1825,1013,,,,2464,5302,,,,,602,,,,983,,,,,,,74,,,,,3
1996,8,601,,20,,,621,152,3499,,,,1048,,449,1497,1479,251,260,115,17,,,,,180,3799,1723,926,,,,2487,5136,,,,,656,,,,894,,,,,,,89,,,,,3
1996,9,571,,11,,,582,170,3170,,,,1024,,383,1407,1312,250,298,103,18,,,,,170,3558,1637,833,,,,2467,4937,,,,,585,,,,790,,,,,,,76,,,,,3
1996,10,621,,6,,,627,189,3687,,,,1078,,415,1493,1394,272,278,106,20,,,,,234,3797,1715,751,,,,2776,5242,,,,,691,,,,877,,,,,,,74,,,,,3
1996,11,557,,14,,,571,182,3544,,,,1012,,366,1378,1412,249,287,94,16,,,,,226,3662,1504,695,,,,2717,4916,,,,,713,,,,759,,,,,,,92,,,,,3
1996,12,627,,12,,,639,186,3759,,,,1105,,449,1554,1350,319,315,87,19,,,,,195,3839,1553,902,,,,2799,5254,,,,,673,,,,729,,,,,,,111,,,,,3
1997,1,569,,10,,,579,170,3812,,,,1269,,501,1770,1442,256,277,97,22,,,,,265,4129,1772,830,,,,3005,5607,,,,,737,,,,810,,,,,,,59,,,,,3
1997,2,649,,11,,,660,158,3676,,,,1162,,522,1684,1360,198,277,84,14,,,,,228,3845,1564,969,,,,2818,5351,,,,,836,,,,729,,,,,,,92,,,,,3
1997,3,624,,8,,,632,161,3840,,,,1212,,501,1713,1634,227,326,111,9,,,,,294,4314,1901,870,,,,2949,5720,,,,,897,,,,884,,,,,,,73,,,,,3
1997,4,530,,14,,,544,177,3670,,,,1374,,621,1995,1776,246,337,82,15,,,,,295,4746,1845,1098,,,,3016,5959,,,,,778,,,,1004,,,,,,,66,,,,,3
1997,5,586,,11,,,597,188,3599,,,,1461,,633,2094,1736,276,418,89,7,,,,,277,4897,1865,1178,,,,3103,6146,,,,,811,,,,961,,,,,,,67,,,,,3
1997,6,640,,16,,,656,181,3512,,,,1349,,543,1892,1641,259,370,79,17,,,,,287,4545,1769,1031,,,,2871,5671,,,,,704,,,,998,,,,,,,57,,,,,3
1997,7,541,,10,,,551,190,3155,,,,872,,533,1405,1687,186,325,73,16,,,,,1062,4754,2001,621,,,,3500,6122,,,,,242,,,,823,,,,,,,0,,,,,3
1997,8,544,,6,,,550,184,3232,,,,895,,612,1507,1667,257,295,79,17,,,,,1063,4885,1948,689,,,,3925,6562,,,,,273,,,,829,,,,,,,0,,,,,3
1997,9,601,,7,,,608,238,3528,,,,952,,579,1531,1692,308,294,70,7,,,,,1059,4961,1923,527,,,,3728,6178,,,,,252,,,,846,,,,,,,0,,,,,3
1997,10,573,,2,,,575,236,3805,,,,1080,,602,1682,1763,310,331,90,13,,,,,815,5004,1819,706,,,,3845,6370,,,,,320,,,,956,,,,,,,0,,,,,3
1997,11,529,,11,,,540,235,4084,,,,951,,427,1378,1696,275,308,82,6,,,,,985,4730,1845,501,,,,3727,6073,,,,,275,,,,931,,,,,,,0,,,,,3
1997,12,537,,11,,,548,237,4360,,,,935,,500,1435,1482,265,321,64,13,,,,,1101,4681,1582,609,,,,3847,6038,,,,,263,,,,859,,,,,,,0,,,,,3
1998,1,577,,14,,18.0,609,236,5377,,323.0,,1100,,614,1714,1799,320,380,72,11,,,,,1031,5327,1754,705,,,,4355,6814,,,,,991,,,,968,,,,,,,13,,,,,3
1998,2,519,,7,,23.0,549,241,4714,,259.0,,1015,,564,1579,1582,255,330,74,11,,,,,1088,4919,1575,623,,,,3779,5977,,,,,1102,,,,912,,,,,,,45,,,,,3
1998,3,606,,11,,35.0,652,204,5216,,312.0,,1054,,610,1664,1762,309,394,59,19,,,,,1191,5398,1889,564,,,,4582,7035,,,,,1004,,,,1029,,,,,,,110,,,,,3
1998,4,518,,10,,41.0,569,207,4484,,373.0,,911,,597,1508,1750,220,350,67,18,,,,,1297,5210,1869,513,,,,4021,6403,,,,,1056,,,,1009,,,,,,,51,,,,,3
1998,5,489,,12,,41.0,542,211,3883,,350.0,,795,,558,1353,1768,246,305,93,10,,,,,1284,5059,1981,322,,,,3963,6266,,,,,1240,,,,1000,,,,,,,30,,,,,3
1998,6,396,,5,,38.0,439,171,4016,,321.0,,759,,489,1248,1609,240,319,62,15,,,,,1171,4664,1804,422,,,,3631,5857,,,,,1282,,,,942,,,,,,,26,,,,,3
1998,7,447,,13,,24.0,484,169,4187,,327.0,,879,,594,1473,1966,256,332,79,10,,,,,1217,5333,1989,415,,,,4122,6526,,,,,1265,,,,1109,,,,,,,62,,,,,3
1998,8,433,,9,,32.0,474,188,4582,,362.0,,878,,518,1396,1857,189,315,78,14,,,,,1309,5158,1752,484,,,,4048,6284,,,,,1271,,,,1072,,,,,,,25,,,,,3
1998,9,433,,8,,32.0,473,185,4569,,342.0,,831,,590,1421,1691,147,303,81,7,,,,,1436,5086,1646,428,,,,4079,6153,,,,,1272,,,,941,,,,,,,29,,,,,3
1998,10,458,,9,,32.0,499,202,4762,,328.0,,787,,512,1299,1938,83,296,69,7,,,,,1711,5403,1745,381,,,,4330,6456,,,,,1098,,,,1064,,,,,,,45,,,,,3
1998,11,385,,22,,29.0,436,207,4673,,418.0,,722,,576,1298,1885,115,331,74,9,,,,,1638,5350,1676,347,,,,4016,6039,,,,,952,,,,1074,,,,,,,19,,,,,3
1998,12,465,,9,,10.0,484,197,5331,,393.0,,827,,515,1342,1912,125,309,88,9,,,,,1676,5461,1629,483,,,,4465,6577,,,,,844,,,,1041,,,,,,,7,,,,,3
1999,1,530,4.0,4,538.0,29.0,567,231,5351,,345.0,3410.0,877,,544,1421,2241,99,368,82,4,,,,,1457,5672,1899,499,,,,4198,6596,0.0,,,,800,,,,1012,,,,,3021.0,,112,,,,32209.0,3
1999,2,508,7.0,14,529.0,25.0,554,229,5289,,349.0,2943.0,890,,577,1467,2019,101,347,97,16,,,,,1530,5577,1603,431,,,,4217,6251,0.0,,,,632,,,,961,,,,,2951.0,,99,,,,30621.0,3
1999,3,451,13.0,12,476.0,25.0,501,222,5463,,328.0,3071.0,900,,633,1533,2652,121,421,108,20,,,,,1883,6738,1999,381,,,,4576,6956,0.0,,,,763,,,,1437,,,,,3383.0,,67,,,,35094.0,3
1999,4,510,6.0,14,530.0,15.0,545,205,4936,,304.0,3232.0,897,,713,1610,2535,103,443,98,13,,,,,1635,6437,1841,347,,,,4498,6686,0.0,,,,732,,,,1348,,,,,3016.0,,67,,,,32577.0,3
1999,5,533,6.0,8,547.0,33.0,580,209,4664,,356.0,3511.0,1067,,699,1766,2684,78,443,114,15,,,,,1590,6690,1866,384,,,,4721,6971,0.0,,,,771,,,,1426,,,,,2930.0,,81,,,,33588.0,3
1999,6,494,4.0,4,502.0,20.0,522,186,4994,,355.0,3152.0,987,,670,1657,2798,87,459,122,19,,,,,1620,6762,1814,387,,,,4677,6878,0.0,,,,733,,,,1443,,,,,3056.0,,75,,,,32885.0,3
1999,7,463,10.0,10,483.0,13.0,496,208,4650,,344.0,3293.0,1085,,668,1753,2874,72,441,135,8,,,,,1577,6860,1739,436,,,,4589,6764,0.0,,,,754,,,,1627,,,,,3094.0,,88,,,,34052.0,3
1999,8,555,21.0,27,603.0,18.0,621,165,4789,,284.0,2893.0,1114,,645,1759,2580,90,479,126,12,,,,,1507,6553,1637,432,,,,4299,6368,0.0,,,,679,,,,1445,,,,,3073.0,,91,,,,32684.0,3
1999,9,448,10.0,19,477.0,25.0,502,172,5219,,310.0,3086.0,1207,,687,1894,2460,73,414,91,5,,,,,1452,6389,1555,404,,,,4187,6146,0.0,,,,682,,,,1454,,,,,3301.0,,71,,,,32756.0,3
1999,10,447,7.0,15,469.0,21.0,490,204,5474,,282.0,3204.0,1314,,639,1953,2550,80,454,113,8,,,,,1380,6538,1615,485,,,,4452,6552,0.0,,,,790,,,,1380,,,,,3428.0,,76,,,,33646.0,3
1999,11,471,6.0,11,488.0,39.0,527,212,5105,,267.0,3099.0,1209,,592,1801,2136,72,405,118,3,,,,,1467,6002,1538,513,,,,4721,6772,0.0,,,,815,,,,1196,,,,,3553.0,,75,,,,32548.0,3
1999,12,478,11.0,8,497.0,26.0,523,250,6087,,449.0,3677.0,1346,,586,1932,2137,95,389,117,6,,,,,1629,6305,1417,690,,,,4960,7067,0.0,,,,753,,,,1082,,,,,3532.0,,99,,,,34179.0,3
2000,1,547,11.0,13,571.0,37.0,608,190,6254,,264.0,6254.0,1278,0.0,633,1911,2165,245,373,129,10,,,,,1450,6283,1610,588,,,,4862,7060,1.0,,,,758,,,,1188,,,,,3334.0,,71,,,,33870.0,3
2000,2,500,6.0,11,517.0,32.0,549,202,5983,,252.0,5983.0,1572,0.0,795,2367,2257,293,369,109,19,,,,,1268,6682,1466,623,,,,4992,7081,0.0,,,,765,,,,1695,,,,,4143.0,,79,,,,36131.0,3
2000,3,572,12.0,12,596.0,25.0,621,241,5891,,202.0,5891.0,1467,0.0,809,2276,2503,274,391,149,8,,,,,1379,6980,1483,747,,,,5394,7624,0.0,,,,894,,,,1952,,,,,4033.0,,99,,,,37426.0,3
2000,4,546,7.0,19,572.0,22.0,594,208,5594,,192.0,5594.0,1370,0.0,776,2146,2749,303,428,105,14,,,,,1379,7124,1410,639,,,,4885,6934,1.0,,,,838,,,,2106,,,,,3896.0,,96,,,,35786.0,3
2000,5,577,7.0,13,597.0,30.0,627,193,5466,,248.0,5466.0,1607,0.0,819,2426,2757,327,438,94,14,,,,,1419,7475,1557,645,,,,5231,7433,0.0,,,,715,,,,2189,,,,,3822.0,,82,,,,37301.0,3
2000,6,545,6.0,28,579.0,26.0,605,202,5188,,217.0,5188.0,1742,0.0,807,2549,2289,324,508,115,18,,,,,1065,6868,1497,847,,,,4744,7088,1.0,,,,783,,,,1907,,,,,3688.0,,115,,,,35201.0,3
2000,7,448,5.0,16,469.0,32.0,501,186,5190,,234.0,5190.0,1751,0.0,662,2413,2283,278,515,126,17,,,,,1084,6716,1423,754,,,,4726,6903,0.0,,,,815,,,,1896,,,,,3803.0,,65,,,,34894.0,3
2000,8,500,4.0,16,520.0,50.0,570,234,5660,,219.0,5660.0,1856,1.0,698,2555,2248,253,477,134,10,,,,,1205,6882,1464,854,,,,5232,7550,0.0,,,,973,,,,1916,,,,,4482.0,,77,,,,37087.0,3
2000,9,472,3.0,19,494.0,43.0,537,196,5607,,199.0,5607.0,1916,0.0,611,2527,2118,255,484,111,17,,,,,1112,6624,1437,914,,,,4951,7302,0.0,,,,884,,,,1834,,,,,4233.0,,83,,,,35060.0,3
2000,10,550,8.0,12,570.0,46.0,616,279,6653,,225.0,6653.0,1935,0.0,697,2632,2043,252,472,129,17,,,,,1238,6783,1539,975,,,,4952,7466,1.0,,,,897,,,,1745,,,,,5107.0,,80,,,,37393.0,3
2000,11,495,6.0,16,517.0,47.0,564,260,5827,,205.0,5827.0,1432,779.0,502,2713,2119,271,440,100,13,,,,,1434,7090,1512,778,,,,5236,7526,1.0,,,,1066,,,,1724,,,,,4332.0,,96,,,,35435.0,3
2000,12,535,4.0,25,564.0,37.0,601,250,6484,,221.0,6484.0,1293,1340.0,496,3129,2197,316,469,108,11,,,,,1505,7735,1362,935,,,,6094,8391,0.0,,,,871,,,,1764,,,,,4343.0,,107,,,,36886.0,3
2001,1,543,5.0,17,565.0,43.0,608,299,6582,,240.0,3416.0,1059,1388.0,440,2887,2209,264,421,116,12,,,,,1818,7727,1487,863,,,,6677,9027,0.0,,,,923,,,,1738,,,,,4714.0,,99,,,,37342.0,3
2001,2,547,6.0,18,571.0,52.0,623,295,6393,,233.0,3576.0,1106,1223.0,466,2795,2138,212,438,111,14,,,,,1896,7604,1426,612,,,,5869,7907,0.0,,,,984,,,,1667,,,,,4338.0,,92,,,,35666.0,3
2001,3,573,7.0,23,603.0,57.0,660,278,6611,,221.0,3277.0,1120,1405.0,586,3111,2589,292,520,132,10,,,,,1963,8617,1630,533,,,,6536,8699,1.0,,,,940,,,,2001,,,,,5226.0,,114,,,,39243.0,3
2001,4,526,8.0,29,563.0,53.0,616,278,6483,,266.0,3720.0,1084,1339.0,570,2993,2305,281,523,131,15,,,,,1853,8101,1481,519,,,,6083,8083,0.0,,,,859,,,,1988,,,,,4971.0,,130,,,,37865.0,3
2001,5,519,6.0,31,556.0,45.0,601,254,5609,,287.0,3632.0,1071,1398.0,630,3099,2234,283,518,109,14,,,,,1869,8126,1522,539,,,,6136,8197,0.0,,,,940,,,,2028,,,,,4642.0,,102,,,,37289.0,3
2001,6,443,8.0,25,476.0,50.0,526,258,5559,,241.0,3384.0,1049,1316.0,467,2832,2205,273,500,130,11,,,,,1812,7763,1482,574,,,,5643,7699,2.0,,,,929,,,,1856,,,,,4659.0,,80,,,,35618.0,3
2001,7,430,3.0,7,440.0,42.0,482,224,5464,,269.0,3600.0,1206,1231.0,355,2792,2053,264,521,92,13,,,,,1647,7382,1535,777,,,,5502,7814,0.0,,,,1105,,,,1865,,,,,4565.0,,65,,,,36187.0,3
2001,8,477,8.0,20,505.0,48.0,553,242,5671,,253.0,3590.0,1328,1320.0,326,2974,2387,284,565,86,18,,,,,1885,8199,1554,797,,,,5629,7980,2.0,,,,1354,,,,2143,,,,,4835.0,,70,,,,39287.0,3
2001,9,495,4.0,17,516.0,50.0,566,255,5779,,231.0,3642.0,1308,1315.0,315,2938,2483,270,596,149,9,,,,,1962,8407,1470,753,,,,5501,7724,1.0,,,,1217,,,,2020,,,,,4895.0,,98,,,,37415.0,3
2001,10,547,10.0,21,578.0,57.0,635,264,6118,,218.0,3658.0,1379,1456.0,339,3174,2463,272,714,141,15,,,,,2059,8838,1591,796,,,,5945,8332,0.0,,,,1275,,,,2200,,,,,5437.0,,100,,,,40485.0,3
2001,11,548,9.0,25,582.0,43.0,625,263,5969,,224.0,3335.0,1370,1345.0,365,3080,2522,281,600,108,20,,,,,2025,8636,1476,733,,,,5776,7985,2.0,,,,1060,,,,2191,,,,,4852.0,,91,,,,38515.0,3
2001,12,515,9.0,12,536.0,52.0,588,276,6400,,257.0,3867.0,1418,1201.0,316,2935,2511,347,584,120,13,,,,,2063,8573,1543,943,,,,5935,8421,1.0,,,,1006,,,,2077,,,,,4989.0,,88,,,,38665.0,3
2002,1,536,7.0,13,556.0,86.0,642,285,6158,,185.0,3358.0,1316,1297.0,322,2935,2774,336,529,124,17,,,,,2275,8990,1785,797,,,,6433,9015,2.0,,,,1040,,,,2396,,,,,5370.0,396.0,95,4.0,,,39833.0,3
2002,2,533,0.0,8,541.0,57.0,598,267,5584,,213.0,3160.0,1324,1345.0,311,2980,2611,297,537,111,11,,,,,2336,8883,1578,741,,,,5869,8188,1.0,,,,988,,,,2336,,,,,4819.0,361.0,107,1.0,,,37020.0,3
2002,3,614,7.0,20,641.0,63.0,704,361,6554,,230.0,3769.0,1578,1422.0,465,3465,3262,413,682,134,9,,,,,2812,10777,1781,778,,,,6513,9072,0.0,,,,966,,,,2638,,,,,5326.0,416.0,123,4.0,,,42741.0,3
2002,4,668,7.0,24,699.0,70.0,769,311,6367,,222.0,3585.0,1722,1369.0,508,3599,3490,459,669,165,14,,,,,2954,11350,1839,842,,,,6364,9045,2.0,,,,879,,,,3046,,,,,5652.0,409.0,87,2.0,,,43805.0,3
2002,5,667,6.0,22,695.0,75.0,770,372,6296,,205.0,3466.0,1616,1324.0,482,3422,3210,412,638,166,13,,,,,2632,10493,1806,863,,,,6275,8944,4.0,,,,914,,,,3009,,,,,5697.0,419.0,116,5.0,,,43388.0,3
2002,6,552,7.0,15,574.0,58.0,632,325,6133,,203.0,3481.0,1472,913.0,404,2789,2538,251,530,135,8,,,,,2089,8340,1550,808,,,,5594,7952,2.0,,,,941,,,,2334,,,,,5004.0,376.0,99,8.0,,,38595.0,3
2002,7,528,1.0,11,540.0,73.0,613,326,5426,,216.0,3288.0,1535,943.0,393,2871,2682,293,568,130,12,,,,,2337,8893,1621,827,,,,6062,8510,2.0,,,,1099,,,,2556,,,,,4998.0,428.0,130,6.0,,,40149.0,3
2002,8,493,9.0,12,514.0,99.0,613,363,6512,,204.0,3828.0,1683,1005.0,426,3114,2509,317,583,140,4,,,,,2255,8922,1630,893,,,,6420,8943,2.0,,,,1247,,,,2336,,,,,5763.0,430.0,118,7.0,,,42695.0,3
2002,9,540,6.0,17,563.0,75.0,638,305,5748,,232.0,3683.0,1528,958.0,422,2908,2478,296,546,154,10,,,,,2090,8482,1753,814,,,,6212,8779,4.0,,,,1137,,,,2391,,,,,5296.0,427.0,121,2.0,,,40036.0,3
2002,10,577,3.0,17,597.0,73.0,670,354,7387,,224.0,3936.0,1754,1060.0,507,3321,2827,353,540,140,5,,,,,2486,9672,1733,933,,,,6731,9397,2.0,,,,1261,,,,2595,,,,,6525.0,444.0,110,8.0,,,45692.0,3
2002,11,545,4.0,22,571.0,105.0,676,356,6676,,184.0,3753.0,1730,953.0,436,3119,2953,366,572,169,13,,,,,2486,9678,1875,857,,,,6708,9440,1.0,,,,1121,,,,2659,,,,,5984.0,438.0,129,5.0,,,43619.0,3
2002,12,632,8.0,12,652.0,66.0,718,387,7273,,222.0,4014.0,1795,883.0,499,3177,3098,482,687,183,8,,,,,2605,10240,1769,1052,,,,7152,9973,2.0,,,,1044,,,,2649,,,,,5797.0,437.0,148,4.0,,,44760.0,3
2003,1,589,6.0,20,615.0,90.0,705,365,6896,245.0,163.0,3097.0,1427,966.0,658,3051,3236,357,589,172,5,1.0,18.0,210.0,,2657,10296,1940,983,49.0,760.0,,6751,10483,2.0,23.0,0.0,885.0,1003,,,,2725,,,,,6127.0,409.0,144,3.0,3.0,2.0,44793.0,3
2003,2,583,4.0,12,599.0,111.0,710,361,7099,221.0,188.0,3207.0,1532,963.0,691,3186,3169,443,720,170,12,0.0,20.0,234.0,,2680,10634,1732,858,53.0,648.0,,7044,10335,3.0,29.0,0.0,802.0,1159,,,,2678,,,,,6047.0,425.0,186,5.0,2.0,0.0,45403.0,3
2003,3,613,5.0,16,634.0,113.0,747,332,6968,236.0,188.0,2993.0,1537,982.0,683,3202,2923,310,640,178,8,1.0,33.0,189.0,,2492,9976,1833,943,55.0,647.0,,7498,10976,0.0,30.0,0.0,821.0,1133,,,,2670,,,,,5793.0,462.0,156,7.0,7.0,1.0,45417.0,3
2003,4,585,11.0,14,610.0,125.0,735,297,6441,215.0,207.0,3083.0,1529,1007.0,624,3160,2966,303,702,169,10,0.0,37.0,232.0,,2643,10222,1694,780,57.0,540.0,,7338,10409,3.0,41.0,0.0,819.0,1061,,,,2703,,,,,5626.0,346.0,120,4.0,4.0,1.0,44184.0,3
2003,5,599,6.0,20,625.0,96.0,721,381,5843,189.0,228.0,3282.0,1558,1072.0,663,3293,3167,345,712,188,3,1.0,26.0,273.0,,2867,10875,1805,812,57.0,554.0,,7186,10414,2.0,57.0,0.0,874.0,1019,,,,2960,,,,,5436.0,417.0,147,4.0,4.0,1.0,45572.0,3
2003,6,546,2.0,14,562.0,86.0,648,316,6301,198.0,236.0,3239.0,1426,963.0,540,2929,2686,312,643,140,4,0.0,31.0,246.0,,2487,9478,1535,786,36.0,484.0,,6362,9203,1.0,59.0,0.0,859.0,1124,,,,2467,,,,,5666.0,386.0,138,5.0,3.0,1.0,44092.0,3
2003,7,527,8.0,17,552.0,100.0,652,409,6100,188.0,196.0,3228.0,1395,1018.0,426,2839,2541,324,763,174,4,0.0,22.0,278.0,,2511,9456,1669,729,36.0,573.0,,6595,9602,0.0,48.0,3.0,977.0,1207,,,,2384,,,,,5571.0,335.0,117,3.0,1.0,1.0,44673.0,3
2003,8,500,4.0,10,514.0,94.0,608,399,5834,205.0,187.0,3251.0,1491,1040.0,349,2880,2520,306,582,164,2,0.0,18.0,226.0,,2592,9290,1590,726,41.0,534.0,,6344,9235,1.0,50.0,6.0,900.0,1165,,,,2378,,,,,5288.0,384.0,181,5.0,4.0,0.0,42511.0,3
2003,9,512,4.0,16,532.0,102.0,634,271,6057,217.0,182.0,3184.0,1504,1202.0,377,3083,2524,271,571,188,1,1.0,26.0,239.0,,2790,9694,1543,696,34.0,656.0,,6738,9667,1.0,77.0,4.0,966.0,1135,,,,2381,,,,,5825.0,428.0,107,4.0,2.0,0.0,44508.0,3
2003,10,489,1.0,16,506.0,132.0,638,345,6184,210.0,187.0,3566.0,1457,1277.0,345,3079,2701,363,563,143,0,1.0,26.0,242.0,,2789,9907,1553,689,31.0,645.0,,6772,9690,0.0,121.0,3.0,1014.0,1192,,,,2292,,,,,5704.0,384.0,96,6.0,4.0,0.0,45199.0,3
2003,11,528,3.0,12,543.0,75.0,618,323,6849,232.0,174.0,3392.0,1443,1130.0,366,2939,2429,327,523,154,2,0.0,14.0,233.0,,2520,9141,1560,758,39.0,653.0,,6518,9528,1.0,88.0,5.0,954.0,1174,,,,2141,,,,,6042.0,435.0,104,5.0,4.0,0.0,44024.0,3
2003,12,553,2.0,12,567.0,71.0,638,325,7656,221.0,241.0,3825.0,1585,1140.0,303,3028,2669,412,544,183,5,2.0,20.0,281.0,,2721,9865,1488,923,23.0,608.0,,6949,9991,1.0,88.0,5.0,844.0,978,,,,2168,,,,,6347.0,389.0,129,2.0,5.0,0.0,45787.0,3
2004,1,578,4.0,12,594.0,77.0,671,303,6553,246.0,187.0,3239.0,1384,1304.0,321,3009,2673,292,461,169,1,4.0,26.0,229.0,,2873,9737,1746,808,34.0,793.0,,6927,10308,0.0,95.0,4.0,963.0,1079,,,,2301,,,,,6270.0,437.0,144,11.0,1.0,0.0,45289.0,3
2004,2,540,5.0,16,561.0,65.0,626,317,6459,199.0,178.0,3167.0,1431,1076.0,404,2911,2292,279,469,163,1,3.0,17.0,253.0,,2678,9066,1581,813,51.0,719.0,,6855,10019,1.0,87.0,4.0,841.0,1041,,,,1984,,,,,5156.0,396.0,105,3.0,6.0,0.0,42331.0,3
2004,3,529,1.0,17,547.0,81.0,628,340,6458,258.0,185.0,3218.0,1529,1392.0,456,3377,2777,388,545,180,5,0.0,20.0,283.0,,2947,10522,1697,744,47.0,804.0,,7365,10657,0.0,124.0,4.0,1047.0,997,,,,2245,,,,,5887.0,396.0,98,5.0,4.0,0.0,47564.0,3
2004,4,514,1.0,21,536.0,68.0,604,271,6197,239.0,219.0,3155.0,1890,996.0,454,3340,2894,422,536,150,3,1.0,18.0,219.0,,2342,9925,1716,684,64.0,714.0,,6546,9724,1.0,78.0,3.0,998.0,959,,,,2370,,,,,5443.0,409.0,111,4.0,3.0,0.0,44907.0,3
2004,5,605,5.0,18,628.0,103.0,731,341,6057,195.0,202.0,3654.0,1692,1396.0,384,3472,3059,480,562,148,5,0.0,11.0,226.0,,1917,9880,1775,673,60.0,729.0,,6706,9943,0.0,126.0,1.0,1031.0,1113,,,,2599,,,,,5443.0,382.0,110,6.0,6.0,0.0,46305.0,3
2004,6,502,1.0,13,516.0,75.0,591,243,5470,216.0,190.0,3128.0,1594,1371.0,439,3404,2789,419,528,152,1,2.0,10.0,253.0,,1847,9405,1617,763,66.0,798.0,,6561,9805,2.0,110.0,6.0,1102.0,1089,,,,2292,,,,,5028.0,321.0,81,3.0,3.0,0.0,44850.0,3
2004,7,505,2.0,15,522.0,69.0,591,293,5351,195.0,231.0,3276.0,1763,1069.0,587,3419,2851,367,571,162,4,0.0,19.0,242.0,,1830,9465,1618,775,177.0,781.0,,6089,9440,0.0,55.0,2.0,1097.0,982,,,,2299,,,,,4979.0,365.0,105,3.0,7.0,0.0,45077.0,3
2004,8,521,6.0,14,541.0,90.0,631,332,6196,276.0,239.0,3341.0,1946,799.0,569,3314,2494,305,455,133,1,0.0,15.0,219.0,,1531,8467,1554,751,226.0,899.0,,6205,9635,0.0,77.0,1.0,1070.0,1090,,,,2136,,,,,5414.0,353.0,120,4.0,2.0,0.0,47004.0,3
2004,9,507,2.0,21,530.0,86.0,616,293,6612,282.0,238.0,3480.0,2059,475.0,711,3245,2610,352,546,122,2,0.0,5.0,165.0,,1154,8201,1493,702,298.0,878.0,,5976,9347,1.0,68.0,1.0,980.0,944,,,,2069,,,,,5465.0,382.0,104,3.0,0.0,0.0,46447.0,3
2004,10,522,6.0,13,541.0,114.0,655,320,6477,272.0,209.0,3397.0,2268,388.0,756,3412,2745,408,472,141,6,5.0,9.0,195.0,,1252,8645,1608,786,270.0,848.0,,6135,9647,1.0,86.0,5.0,1089.0,937,,,,2218,,,,,5307.0,375.0,86,3.0,10.0,0.0,46514.0,3
2004,11,570,4.0,18,592.0,90.0,682,285,6235,280.0,193.0,3343.0,2281,437.0,716,3434,2645,428,518,177,3,2.0,14.0,227.0,,1297,8745,1527,761,318.0,773.0,,6531,9910,2.0,103.0,5.0,1141.0,914,,,,2073,,,,,5366.0,347.0,79,3.0,1.0,0.0,46496.0,3
2004,12,545,2.0,7,554.0,65.0,619,310,6943,259.0,259.0,3755.0,2419,381.0,699,3499,2579,574,500,163,5,3.0,30.0,265.0,,1227,8845,1517,975,331.0,843.0,,6669,10335,2.0,149.0,1.0,1225.0,862,,,,1936,,,,,5585.0,396.0,87,0.0,7.0,0.0,47478.0,3
2005,1,607,6.0,19,632.0,72.0,704,385,7052,334.0,220.0,3342.0,2424,441.0,650,3515,2747,402,428,155,1,4.0,25.0,166.0,,1304,8747,1749,991,282.0,1074.0,,6784,10880,2.0,173.0,5.0,1196.0,979,,,,2209,,,,,5920.0,413.0,87,2.0,1.0,0.0,47294.0,3
2005,2,619,4.0,12,635.0,59.0,694,306,5856,260.0,184.0,2643.0,2537,410.0,614,3561,2610,421,434,147,6,4.0,19.0,156.0,,1345,8703,1521,1107,275.0,989.0,,6341,10233,1.0,191.0,9.0,1016.0,840,,,,2129,,,,,4768.0,317.0,84,3.0,3.0,1.0,44168.0,3
2005,3,682,2.0,26,710.0,94.0,804,345,6749,317.0,249.0,3034.0,2876,553.0,811,4240,3056,442,464,167,1,11.0,19.0,174.0,,1621,10195,1811,943,340.0,1291.0,,6613,10998,0.0,235.0,5.0,1277.0,1011,,,,2459,,,,,5885.0,423.0,86,7.0,4.0,1.0,50182.0,3
2005,4,526,3.0,15,544.0,67.0,611,340,6751,289.0,238.0,3227.0,2701,589.0,852,4142,3051,357,438,133,3,2.0,20.0,159.0,,1599,9904,1767,914,348.0,1188.0,,6183,10400,0.0,271.0,14.0,1182.0,967,,,,2566,,,,,5808.0,393.0,57,6.0,3.0,1.0,49051.0,3
2005,5,561,6.0,19,586.0,93.0,679,387,6408,305.0,273.0,3175.0,3026,624.0,892,4542,2999,359,465,149,1,3.0,25.0,164.0,,1557,10264,1927,1026,386.0,1228.0,,6332,10899,1.0,251.0,6.0,1382.0,987,,,,2578,,,,,5404.0,384.0,51,3.0,1.0,2.0,49975.0,3
2005,6,488,5.0,17,510.0,116.0,626,305,6131,282.0,246.0,3061.0,3018,624.0,826,4468,2522,397,422,144,2,11.0,15.0,149.0,,1367,9497,1797,1036,352.0,1197.0,,6326,10708,0.0,269.0,10.0,1375.0,973,,,,2172,,,,,5280.0,339.0,73,4.0,1.0,0.0,49133.0,3
2005,7,580,5.0,22,607.0,90.0,697,302,5884,246.0,271.0,2960.0,3041,610.0,843,4494,2442,351,449,165,2,7.0,19.0,128.0,,1377,9434,1806,994,365.0,1216.0,,6111,10492,2.0,163.0,30.0,1413.0,981,,,,1872,,,,,4872.0,312.0,72,2.0,1.0,0.0,46539.0,3
2005,8,562,6.0,18,586.0,119.0,705,295,6701,296.0,198.0,2980.0,3253,701.0,783,4737,2457,400,406,185,2,7.0,18.0,153.0,,1427,9792,1715,1087,435.0,1370.0,,6824,11431,0.0,142.0,4.0,1485.0,1073,,,,2025,,,,,5894.0,372.0,91,5.0,1.0,0.0,50486.0,3
2005,9,533,4.0,12,549.0,111.0,660,348,6067,356.0,225.0,2879.0,3049,563.0,768,4380,2636,341,368,145,0,8.0,18.0,127.0,,812,8835,1723,1010,343.0,1250.0,,4962,9288,0.0,124.0,5.0,1365.0,984,,,,2108,,,,,5010.0,322.0,67,3.0,2.0,2.0,47128.0,3
2005,10,503,4.0,15,522.0,105.0,627,304,7335,331.0,237.0,3081.0,3436,641.0,771,4848,2777,312,404,139,0,6.0,11.0,140.0,,820,9457,1781,1170,381.0,1459.0,,5230,10021,0.0,126.0,8.0,1240.0,1017,,,,2060,,,,,5713.0,415.0,85,4.0,1.0,0.0,50144.0,3
2005,11,495,9.0,16,520.0,95.0,615,315,6269,267.0,204.0,2731.0,3362,592.0,779,4733,2781,344,353,150,2,3.0,13.0,137.0,,790,9306,1916,1263,404.0,1303.0,,5297,10183,4.0,124.0,5.0,1458.0,893,,,,2118,,,,,5157.0,334.0,76,1.0,3.0,0.0,47712.0,3
2005,12,464,5.0,19,488.0,77.0,565,274,6746,282.0,240.0,3295.0,3357,565.0,756,4678,2612,496,391,164,0,6.0,17.0,135.0,,804,9303,1809,1487,428.0,1402.0,,5674,10800,0.0,151.0,9.0,1497.0,1056,,,,2036,,,,,5210.0,373.0,82,2.0,3.0,2.0,49604.0,3
2006,1,480,4.0,12,496.0,66.0,562,285,7247,311.0,212.0,3067.0,3421,560.0,828,4809,2660,345,338,145,3,8.0,11.0,112.0,,853,9284,1834,1461,372.0,1640.0,,5942,11249,0.0,172.0,5.0,1480.0,1061,516.0,353.0,214.0,2034,1265.0,334.0,701.0,51.0,6001.0,436.0,75,6.0,1.0,0.0,51469.0,3
2006,2,521,4.0,20,545.0,70.0,615,346,7165,270.0,181.0,2486.0,3347,530.0,728,4605,2840,386,436,154,5,5.0,10.0,102.0,,931,9474,1808,2059,361.0,1508.0,,5674,11410,0.0,172.0,2.0,1337.0,1009,459.0,374.0,193.0,2043,1382.0,360.0,634.0,41.0,5595.0,392.0,85,6.0,2.0,0.0,49979.0,3
2006,3,607,6.0,23,636.0,92.0,728,362,6962,281.0,239.0,2751.0,3499,570.0,769,4838,3087,369,424,148,4,3.0,22.0,142.0,,828,9865,1837,1427,357.0,1420.0,,5912,10953,0.0,168.0,2.0,1463.0,879,350.0,355.0,196.0,2245,1367.0,395.0,754.0,46.0,5580.0,381.0,73,2.0,4.0,0.0,51043.0,3
2006,4,579,3.0,30,612.0,101.0,713,336,6185,222.0,213.0,2763.0,4009,694.0,936,5639,3098,371,469,160,3,9.0,9.0,151.0,,986,10895,1892,1414,440.0,1540.0,,5809,11095,0.0,137.0,0.0,1276.0,921,392.0,337.0,211.0,2217,1378.0,319.0,638.0,24.0,5106.0,359.0,52,1.0,3.0,0.0,50239.0,3
2006,5,548,4.0,13,565.0,89.0,654,357,5527,254.0,230.0,2949.0,4104,808.0,941,5853,3223,393,473,170,8,5.0,18.0,166.0,,829,11138,1975,1480,521.0,1827.0,,5800,11603,1.0,122.0,10.0,1540.0,994,415.0,378.0,225.0,2320,1320.0,293.0,815.0,110.0,4950.0,336.0,80,8.0,3.0,1.0,51647.0,3
2006,6,475,7.0,10,492.0,102.0,594,317,5954,278.0,189.0,2750.0,3812,725.0,892,5429,2740,339,398,135,5,0.0,11.0,141.0,,857,10055,1924,1450,427.0,1641.0,,5494,10936,1.0,92.0,5.0,1443.0,924,389.0,325.0,229.0,2092,1212.0,299.0,704.0,37.0,5007.0,349.0,63,1.0,2.0,0.0,48803.0,3
2006,7,478,5.0,15,498.0,88.0,586,268,5705,272.0,232.0,3071.0,3898,702.0,924,5524,2627,341,373,153,6,0.0,21.0,182.0,,797,10024,2041,1633,459.0,1739.0,,5918,11790,1.0,82.0,7.0,1586.0,1038,404.0,431.0,224.0,2198,1261.0,272.0,840.0,31.0,4850.0,356.0,69,4.0,3.0,1.0,50777.0,3
2006,8,471,6.0,14,491.0,124.0,615,324,6259,263.0,242.0,3042.0,3959,754.0,884,5597,2662,391,380,161,3,6.0,21.0,180.0,,823,10224,1942,1627,501.0,1805.0,,6174,12049,0.0,107.0,12.0,1607.0,1005,444.0,386.0,201.0,2208,1308.0,289.0,899.0,43.0,5463.0,385.0,62,2.0,2.0,0.0,52511.0,3
2006,9,521,3.0,19,543.0,75.0,618,329,5890,251.0,221.0,3120.0,3912,692.0,860,5464,2877,371,362,147,0,7.0,18.0,172.0,,799,10217,1815,1444,501.0,1631.0,,5473,10864,1.0,117.0,6.0,1553.0,939,425.0,342.0,189.0,2173,1331.0,273.0,745.0,34.0,5075.0,390.0,73,7.0,2.0,0.0,49377.0,3
2006,10,552,2.0,13,567.0,87.0,654,358,6250,277.0,196.0,3080.0,4197,680.0,906,5783,2939,395,366,151,2,11.0,15.0,168.0,,1429,11259,2000,1503,487.0,1675.0,,7197,12862,0.0,219.0,4.0,1735.0,839,383.0,286.0,186.0,2383,1361.0,288.0,671.0,37.0,5122.0,413.0,69,6.0,0.0,0.0,51934.0,3
2006,11,527,7.0,16,550.0,88.0,638,307,5847,257.0,227.0,3005.0,4150,642.0,865,5657,2871,424,412,137,5,7.0,15.0,183.0,,1360,11071,1833,1579,499.0,1644.0,,7315,12870,0.0,254.0,15.0,1690.0,786,310.0,314.0,179.0,2186,1240.0,296.0,807.0,29.0,4572.0,366.0,57,2.0,1.0,0.0,50619.0,3
2006,12,564,4.0,23,591.0,81.0,672,433,6559,264.0,247.0,3236.0,4032,605.0,830,5467,2700,441,390,126,2,3.0,12.0,164.0,,1276,10581,1736,1867,534.0,1813.0,,7243,13193,2.0,219.0,5.0,1584.0,692,283.0,262.0,159.0,1974,1173.0,237.0,712.0,26.0,4479.0,399.0,68,4.0,4.0,0.0,50853.0,3
2007,1,526,7.0,7,540.0,117.0,657,307,6063,313.0,182.0,2854.0,4270,607.0,839,5716,2843,414,329,131,2,4.0,17.0,158.0,,1344,10958,1964,1856,411.0,1842.0,,7398,13471,0.0,144.0,2.0,1860.0,805,351.0,310.0,163.0,2184,1315.0,291.0,770.0,44.0,5359.0,397.0,88,3.0,1.0,0.0,51514.0,3
2007,2,486,3.0,11,500.0,90.0,590,301,6345,228.0,185.0,2750.0,4201,537.0,762,5500,2578,309,316,129,1,6.0,8.0,143.0,,1340,10330,1861,2374,428.0,1603.0,,7036,13302,1.0,81.0,1.0,1658.0,824,413.0,293.0,138.0,2039,1282.0,273.0,628.0,28.0,5048.0,375.0,73,1.0,2.0,0.0,49494.0,3
2007,3,640,8.0,22,670.0,111.0,781,408,7134,289.0,233.0,3235.0,4861,690.0,996,6547,3348,506,392,159,5,3.0,11.0,172.0,,1546,12689,1909,1802,509.0,1550.0,,7603,13373,0.0,140.0,0.0,1932.0,886,387.0,338.0,179.0,2338,1333.0,331.0,985.0,38.0,5978.0,474.0,100,11.0,6.0,1.0,56991.0,3
2007,4,572,3.0,15,590.0,131.0,721,367,6480,249.0,250.0,3279.0,4809,654.0,875,6338,2785,374,432,164,1,3.0,13.0,145.0,,1272,11527,1713,1757,505.0,1386.0,,6848,12209,2.0,114.0,4.0,1659.0,825,348.0,323.0,174.0,1964,1386.0,329.0,789.0,46.0,5385.0,390.0,73,2.0,1.0,0.0,51559.0,3
2007,5,466,3.0,17,486.0,137.0,623,365,5377,257.0,242.0,3315.0,5232,686.0,960,6878,2783,392,432,140,3,2.0,13.0,214.0,,1298,12155,1821,1984,641.0,1647.0,,7294,13387,0.0,68.0,11.0,2036.0,899,333.0,375.0,216.0,2230,1598.0,344.0,925.0,34.0,4754.0,342.0,59,3.0,5.0,0.0,53550.0,3
2007,6,445,3.0,17,465.0,108.0,573,303,5463,255.0,242.0,3499.0,5080,648.0,869,6597,2547,376,404,133,2,2.0,11.0,191.0,,1231,11494,1778,1892,608.0,1372.0,,6972,12622,0.0,50.0,3.0,1908.0,837,300.0,382.0,171.0,2022,1431.0,281.0,951.0,51.0,4788.0,415.0,57,3.0,0.0,0.0,51486.0,3
2007,7,457,3.0,10,470.0,81.0,551,315,5464,238.0,292.0,3191.0,4534,564.0,784,5882,2288,338,404,131,1,3.0,11.0,214.0,,1167,10439,1689,1892,564.0,1354.0,,6856,12355,1.0,89.0,4.0,1943.0,846,315.0,402.0,148.0,1963,1574.0,244.0,949.0,51.0,4880.0,356.0,50,3.0,1.0,0.0,50595.0,3
2007,8,524,3.0,14,541.0,127.0,668,377,5614,260.0,266.0,3316.0,5253,640.0,913,6806,2470,342,387,145,1,4.0,16.0,210.0,,1244,11625,1797,1967,613.0,1463.0,,7170,13010,1.0,92.0,6.0,2019.0,846,303.0,375.0,188.0,2122,1482.0,297.0,1071.0,64.0,5080.0,386.0,43,3.0,1.0,2.0,53477.0,3
2007,9,447,1.0,16,464.0,125.0,589,338,6336,292.0,299.0,3658.0,5197,698.0,834,6729,2375,327,354,123,2,3.0,21.0,199.0,,1224,11357,1830,1871,554.0,1485.0,,7147,12887,0.0,93.0,2.0,1836.0,770,282.0,363.0,151.0,2100,1557.0,277.0,883.0,29.0,5349.0,397.0,47,8.0,0.0,2.0,52666.0,3
2007,10,486,1.0,23,510.0,113.0,623,309,6332,285.0,258.0,3480.0,5476,674.0,846,6996,2462,324,396,151,3,7.0,9.0,214.0,,1256,11818,1817,2113,606.0,1566.0,,7609,13711,0.0,103.0,3.0,2024.0,862,319.0,377.0,192.0,1884,1499.0,333.0,1020.0,56.0,5567.0,395.0,50,3.0,1.0,2.0,55307.0,3
2007,11,528,3.0,17,548.0,110.0,658,324,6146,289.0,200.0,3230.0,5229,581.0,763,6573,2501,383,371,130,2,6.0,8.0,190.0,,1154,11318,1806,1940,582.0,1402.0,,7371,13101,0.0,91.0,3.0,1857.0,847,307.0,373.0,191.0,1827,1523.0,302.0,759.0,56.0,5109.0,360.0,50,0.0,4.0,2.0,51733.0,3
2007,12,556,6.0,23,585.0,80.0,665,373,7154,267.0,273.0,3536.0,5352,613.0,810,6775,2510,387,397,131,1,2.0,16.0,160.0,,1333,11712,1683,2379,638.0,1599.0,,7423,13722,0.0,77.0,3.0,1766.0,698,276.0,285.0,152.0,1779,1402.0,225.0,827.0,49.0,5309.0,346.0,76,0.0,1.0,0.0,53312.0,3
2008,1,538,5.0,11,554.0,109.0,663,308,6256,257.0,201.0,2974.0,5651,684.0,828,7163,2496,352,376,122,4,7.0,17.0,165.0,,1358,12060,1815,2502,591.0,1827.0,,7795,14530,1.0,113.0,4.0,2115.0,727,271.0,332.0,141.0,2021,1363.0,265.0,867.0,60.0,5553.0,416.0,60,3.0,1.0,0.0,55329.0,3
2008,2,505,5.0,21,531.0,109.0,640,325,6012,257.0,183.0,2943.0,5483,680.0,836,6999,2400,238,418,125,1,6.0,16.0,156.0,,1263,11622,1756,2854,605.0,1769.0,,7601,14585,0.0,173.0,1.0,1851.0,737,285.0,333.0,138.0,1732,1451.0,279.0,854.0,48.0,4901.0,361.0,68,1.0,1.0,0.0,52685.0,3
2008,3,527,2.0,21,550.0,140.0,690,340,6637,330.0,257.0,3653.0,5377,699.0,919,6995,2401,274,421,129,3,5.0,19.0,184.0,,1156,11587,1844,1935,643.0,1591.0,,7505,13518,0.0,149.0,5.0,2180.0,882,361.0,381.0,160.0,1717,1490.0,260.0,990.0,47.0,5593.0,396.0,67,1.0,2.0,0.0,54890.0,3
2008,4,475,4.0,13,492.0,147.0,639,325,6017,292.0,220.0,3507.0,5538,630.0,923,7091,2179,269,381,99,1,6.0,10.0,186.0,,1154,11376,1766,1871,604.0,1640.0,,7474,13355,0.0,132.0,6.0,2161.0,854,367.0,373.0,140.0,1693,1510.0,268.0,981.0,43.0,5220.0,392.0,52,2.0,2.0,0.0,53085.0,3
2008,5,412,2.0,22,436.0,147.0,583,334,5687,263.0,250.0,3609.0,5703,649.0,856,7208,2251,302,412,114,5,2.0,16.0,197.0,,1127,11634,1781,2108,677.0,1807.0,,7708,14081,1.0,140.0,9.0,2081.0,848,322.0,394.0,149.0,1851,1532.0,294.0,862.0,32.0,5181.0,321.0,55,2.0,0.0,0.0,53450.0,3
2008,6,402,4.0,19,425.0,105.0,530,314,5493,309.0,220.0,3375.0,5548,728.0,771,7047,2100,225,407,118,2,4.0,18.0,154.0,,1190,11265,1779,2026,674.0,1739.0,,7609,13827,1.0,122.0,2.0,2012.0,842,339.0,393.0,143.0,1653,1507.0,263.0,844.0,50.0,4858.0,415.0,49,4.0,3.0,1.0,52578.0,3
2008,7,413,4.0,21,438.0,62.0,500,286,5634,295.0,233.0,3273.0,5918,696.0,735,7349,2207,258,400,100,6,2.0,10.0,165.0,,1271,11768,1714,2323,663.0,1750.0,,7716,14166,1.0,142.0,4.0,2056.0,717,292.0,290.0,154.0,1746,1559.0,276.0,1092.0,41.0,5160.0,436.0,45,1.0,3.0,0.0,54643.0,3
2008,8,430,10.0,18,458.0,30.0,488,333,6085,321.0,253.0,3339.0,5602,717.0,785,7104,2307,237,379,129,9,5.0,17.0,249.0,,1313,11749,1894,2243,681.0,1729.0,,7476,14023,0.0,121.0,7.0,2012.0,703,279.0,298.0,142.0,1667,1428.0,263.0,1062.0,69.0,5412.0,465.0,43,8.0,2.0,0.0,54629.0,3
2008,9,435,4.0,25,464.0,62.0,526,332,5873,356.0,214.0,3484.0,5625,798.0,796,7219,2308,226,394,134,8,3.0,10.0,213.0,,1221,11736,1772,2146,639.0,1868.0,,7484,13909,2.0,134.0,7.0,1858.0,776,328.0,324.0,137.0,1670,1384.0,294.0,943.0,56.0,5380.0,463.0,37,4.0,2.0,0.0,54732.0,3
2008,10,557,1.0,24,582.0,74.0,656,357,6598,438.0,233.0,3739.0,6186,907.0,922,8015,2630,278,454,141,1,6.0,14.0,189.0,,1325,13053,1832,2367,676.0,1956.0,,7997,14828,0.0,150.0,6.0,1878.0,797,335.0,345.0,133.0,1885,1645.0,303.0,769.0,43.0,5893.0,488.0,35,2.0,4.0,1.0,59018.0,3
2008,11,516,2.0,24,542.0,81.0,623,403,6475,356.0,259.0,3406.0,5551,719.0,781,7051,2231,213,415,135,3,1.0,11.0,194.0,,1152,11406,1893,2096,624.0,1700.0,,7458,13771,1.0,121.0,4.0,1750.0,866,357.0,361.0,173.0,1720,1547.0,298.0,766.0,40.0,6057.0,506.0,48,2.0,1.0,1.0,54772.0,3
2008,12,507,2.0,16,525.0,71.0,596,398,6707,372.0,230.0,3547.0,5857,707.0,769,7333,2337,300,437,147,4,4.0,14.0,184.0,,1159,11919,1782,2338,713.0,1850.0,,7669,14352,1.0,206.0,8.0,1731.0,688,248.0,310.0,153.0,1705,1501.0,261.0,777.0,60.0,5645.0,436.0,52,2.0,1.0,1.0,54934.0,3
2009,1,551,2.0,13,566.0,94.0,660,378,6631,381.0,189.0,3167.0,6145,718.0,829,7692,2573,212,392,125,5,6.0,12.0,159.0,,1156,12332,1789,2394,630.0,1990.0,,7882,14685,0.0,73.0,7.0,1752.0,830,313.0,373.0,162.0,1883,1683.0,307.0,803.0,34.0,6033.0,465.0,41,1.0,3.0,0.0,56360.0,3
2009,2,556,4.0,19,579.0,75.0,654,383,6595,322.0,204.0,3230.0,6279,659.0,788,7726,2367,188,381,136,3,5.0,12.0,173.0,,1254,12245,1691,3241,637.0,1743.0,,7416,14728,0.0,123.0,6.0,1644.0,854,356.0,358.0,166.0,1742,1584.0,319.0,793.0,61.0,5889.0,414.0,50,0.0,3.0,2.0,55116.0,3
2009,3,588,5.0,30,623.0,103.0,726,444,7183,441.0,239.0,3493.0,6686,782.0,926,8394,2564,236,465,156,3,3.0,18.0,182.0,,1442,13463,1830,2478,762.0,1892.0,,7967,14929,1.0,128.0,2.0,1975.0,980,352.0,476.0,187.0,1880,1923.0,323.0,1108.0,59.0,6719.0,553.0,50,0.0,2.0,1.0,61430.0,3
2009,4,542,3.0,27,572.0,102.0,674,423,6705,359.0,189.0,3073.0,6369,711.0,769,7849,2310,226,450,134,5,6.0,10.0,191.0,,1150,12331,1759,2136,688.0,1673.0,,7314,13570,1.0,118.0,5.0,1609.0,856,308.0,404.0,163.0,1788,1851.0,357.0,1038.0,58.0,5922.0,429.0,39,2.0,1.0,2.0,55492.0,3
2009,5,522,0.0,14,536.0,80.0,616,386,6565,372.0,194.0,3571.0,6506,799.0,780,8085,2340,236,418,135,0,12.0,17.0,191.0,,1139,12573,1679,2361,740.0,1761.0,,7892,14433,2.0,112.0,8.0,1956.0,878,293.0,411.0,201.0,1795,1821.0,326.0,942.0,46.0,5904.0,401.0,29,3.0,3.0,2.0,57585.0,3
2009,6,439,6.0,11,456.0,107.0,563,378,5640,337.0,206.0,3241.0,6277,766.0,802,7845,1968,221,410,143,6,8.0,13.0,178.0,,1078,11870,1638,2072,691.0,1795.0,,7340,13536,0.0,120.0,4.0,1892.0,827,306.0,376.0,165.0,1737,1652.0,265.0,1101.0,44.0,5376.0,451.0,32,3.0,4.0,0.0,54415.0,3
2009,7,397,3.0,18,418.0,87.0,505,322,5669,334.0,165.0,3440.0,6063,758.0,737,7558,1982,206,446,129,4,3.0,11.0,186.0,,1076,11601,1659,2176,757.0,1804.0,,7566,13962,2.0,95.0,12.0,2064.0,873,315.0,401.0,171.0,1613,1644.0,280.0,1177.0,48.0,5352.0,450.0,43,5.0,1.0,0.0,55197.0,3
2009,8,432,3.0,12,447.0,75.0,522,398,6132,322.0,203.0,3402.0,5557,661.0,745,6963,1928,228,394,116,5,2.0,12.0,154.0,,1108,10910,1699,2273,695.0,1753.0,,7348,13768,0.0,96.0,9.0,1948.0,985,331.0,503.0,184.0,1533,1932.0,327.0,1238.0,56.0,5447.0,392.0,41,3.0,0.0,0.0,54526.0,3
2009,9,433,3.0,18,454.0,82.0,536,365,6678,330.0,203.0,3534.0,5354,687.0,660,6701,1728,217,424,147,3,3.0,14.0,151.0,,903,10291,1619,2242,746.0,1914.0,,7506,14027,2.0,100.0,6.0,1918.0,1052,354.0,519.0,207.0,1515,1826.0,369.0,1120.0,48.0,5956.0,442.0,37,5.0,2.0,0.0,54919.0,3
2009,10,419,1.0,21,441.0,93.0,534,316,6452,363.0,175.0,3584.0,5247,701.0,676,6624,1758,187,396,146,3,4.0,13.0,149.0,,923,10203,1680,2438,693.0,1762.0,,7155,13728,0.0,85.0,7.0,1812.0,1005,359.0,482.0,194.0,1466,1804.0,382.0,885.0,38.0,5947.0,427.0,40,4.0,3.0,0.0,53531.0,3
2009,11,438,4.0,13,455.0,76.0,531,346,7857,230.0,219.0,3720.0,5336,636.0,625,6597,1688,224,383,145,3,2.0,8.0,184.0,,930,10164,1576,2431,738.0,1920.0,,7375,14040,1.0,95.0,6.0,1752.0,922,308.0,454.0,172.0,1423,1705.0,325.0,884.0,58.0,6688.0,455.0,44,4.0,0.0,0.0,56000.0,3
2009,12,476,10.0,25,511.0,74.0,585,333,7137,329.0,187.0,3772.0,5247,621.0,593,6461,1830,269,385,150,2,1.0,10.0,152.0,,1037,10297,1723,2661,761.0,1796.0,,7898,14839,2.0,77.0,6.0,1697.0,928,308.0,485.0,156.0,1538,1724.0,316.0,795.0,29.0,6009.0,546.0,49,0.0,2.0,0.0,55145.0,3
2010,1,447,6.0,19,472.0,77.0,549,377,7716,345.0,161.0,3511.0,5292,622.0,568,6482,1945,234,373,123,1,4.0,10.0,139.0,,1036,10347,1683,2618,704.0,1768.0,,8077,14850,2.0,89.0,5.0,1716.0,891,301.0,466.0,143.0,1497,1763.0,385.0,695.0,43.0,6868.0,481.0,69,2.0,3.0,3.0,56534.0,3
2010,2,473,3.0,6,482.0,62.0,544,329,7201,391.0,198.0,3267.0,5361,546.0,582,6489,1739,221,348,116,2,1.0,6.0,123.0,,1003,10048,1669,4095,710.0,1985.0,,7897,16356,0.0,65.0,7.0,1628.0,865,286.0,463.0,135.0,1320,1664.0,326.0,753.0,21.0,6403.0,473.0,67,1.0,1.0,0.0,56299.0,3
2010,3,492,4.0,17,513.0,81.0,594,391,6767,341.0,186.0,3661.0,6036,693.0,795,7524,2041,229,441,148,2,3.0,14.0,145.0,,1100,11647,1713,2744,871.0,1954.0,,8260,15542,2.0,169.0,12.0,2249.0,933,309.0,507.0,140.0,1584,1861.0,397.0,958.0,45.0,6618.0,447.0,57,3.0,0.0,0.0,59907.0,3
2010,4,432,2.0,11,445.0,102.0,547,347,6185,337.0,216.0,3209.0,5581,574.0,716,6871,1784,181,420,113,2,1.0,6.0,129.0,,990,10497,1594,2263,789.0,1768.0,,7381,13795,0.0,140.0,6.0,1813.0,871,274.0,477.0,133.0,1378,1803.0,395.0,727.0,31.0,6051.0,437.0,45,1.0,0.0,0.0,53658.0,3
2010,5,361,7.0,11,379.0,109.0,488,345,6267,345.0,208.0,3674.0,5749,650.0,691,7090,1648,215,441,132,2,3.0,8.0,147.0,,963,10649,1670,2639,868.0,1941.0,,8052,15170,0.0,122.0,5.0,2215.0,1038,351.0,557.0,151.0,1438,2031.0,409.0,1197.0,41.0,5892.0,403.0,44,2.0,1.0,0.0,58057.0,3
2010,6,347,7.0,12,366.0,74.0,440,278,6153,347.0,185.0,3462.0,5083,613.0,669,6365,1699,212,363,121,1,2.0,12.0,124.0,,896,9795,1585,2510,815.0,1846.0,,7508,14264,0.0,107.0,11.0,2032.0,1006,355.0,518.0,154.0,1399,1675.0,347.0,1065.0,30.0,5707.0,402.0,46,2.0,0.0,0.0,53942.0,3
2010,7,324,3.0,12,339.0,58.0,397,288,6050,402.0,206.0,3636.0,5143,589.0,784,6516,1666,209,372,103,1,4.0,9.0,141.0,,860,9881,1557,2416,715.0,1850.0,,7614,14152,0.0,99.0,7.0,2096.0,1044,397.0,537.0,123.0,1452,1718.0,363.0,1142.0,34.0,6146.0,439.0,29,1.0,3.0,0.0,55674.0,3
2010,8,344,8.0,12,364.0,30.0,394,333,6412,402.0,178.0,3889.0,5166,543.0,695,6404,1558,184,362,120,1,2.0,10.0,161.0,,832,9634,1628,2384,873.0,1875.0,,7611,14371,1.0,119.0,14.0,2094.0,1071,462.0,514.0,126.0,1414,1916.0,376.0,1335.0,43.0,6458.0,436.0,33,2.0,0.0,1.0,56596.0,3
2010,9,360,1.0,21,382.0,34.0,416,310,6584,402.0,211.0,3673.0,5200,590.0,671,6461,1489,211,411,135,5,5.0,4.0,150.0,,847,9718,1408,2451,854.0,1808.0,,7340,13861,1.0,113.0,5.0,2035.0,1080,447.0,550.0,114.0,1263,1733.0,399.0,1003.0,45.0,6372.0,472.0,36,3.0,2.0,1.0,54971.0,3
2010,10,406,7.0,16,429.0,71.0,500,408,7116,359.0,219.0,3832.0,5266,607.0,765,6638,1590,170,427,123,1,3.0,3.0,153.0,,924,10032,1545,2381,860.0,1721.0,,7579,14086,0.0,122.0,5.0,1946.0,1220,504.0,606.0,135.0,1219,1924.0,425.0,1036.0,48.0,6524.0,494.0,34,3.0,0.0,0.0,56358.0,3
2010,11,364,1.0,7,372.0,102.0,474,368,6606,442.0,182.0,3291.0,4925,518.0,646,6089,1413,266,338,107,1,3.0,6.0,138.0,,801,9162,1318,2333,869.0,1713.0,,7237,13470,1.0,135.0,7.0,2150.0,1391,509.0,721.0,187.0,1271,1993.0,451.0,1057.0,54.0,6449.0,462.0,40,4.0,2.0,0.0,54447.0,3
2010,12,417,1.0,12,430.0,55.0,485,372,8019,476.0,250.0,3740.0,4544,443.0,620,5607,1480,287,371,124,3,2.0,11.0,171.0,,834,8890,1382,2991,912.0,1916.0,,7658,14859,0.0,129.0,4.0,2079.0,1135,465.0,546.0,147.0,1333,1905.0,341.0,1007.0,48.0,6873.0,527.0,45,4.0,3.0,0.0,57604.0,3
2011,1,425,5.0,9,439.0,61.0,500,413,8272,396.0,179.0,3923.0,4771,505.0,616,5892,1567,231,409,92,4,1.0,4.0,138.0,,865,9203,1423,2822,763.0,2037.0,,7969,15014,2.0,143.0,14.0,2025.0,1068,428.0,527.0,136.0,1375,1858.0,409.0,867.0,42.0,7403.0,488.0,52,1.0,0.0,0.0,57852.0,3
2011,2,368,2.0,7,377.0,39.0,416,379,7844,416.0,187.0,3727.0,4742,516.0,588,5846,1490,234,453,81,3,2.0,8.0,185.0,,835,9137,1227,3130,851.0,2022.0,,7951,15181,0.0,144.0,5.0,2121.0,1094,430.0,521.0,165.0,1288,1874.0,405.0,853.0,41.0,7172.0,451.0,47,2.0,0.0,0.0,57840.0,3
2011,3,381,6.0,9,396.0,68.0,464,395,7143,434.0,243.0,3716.0,5215,515.0,621,6351,1544,226,401,129,5,0.0,6.0,162.0,,892,9716,1354,4622,860.0,2215.0,,8249,17300,0.0,148.0,7.0,2267.0,1283,519.0,644.0,153.0,1329,2434.0,501.0,1197.0,62.0,7072.0,521.0,37,3.0,1.0,2.0,62560.0,3
2011,4,403,7.0,6,416.0,68.0,484,387,7100,389.0,186.0,3735.0,4687,495.0,598,5780,1491,239,414,105,1,2.0,13.0,178.0,,909,9132,1293,2579,852.0,1933.0,,8132,14789,1.0,144.0,20.0,2119.0,1370,561.0,692.0,157.0,1233,2432.0,552.0,1141.0,70.0,7313.0,469.0,60,1.0,0.0,0.0,58691.0,3
2011,5,368,3.0,10,381.0,74.0,455,353,6423,417.0,220.0,3796.0,4640,496.0,559,5695,1462,273,408,88,5,0.0,8.0,173.0,,811,8923,1360,2689,939.0,2054.0,,8195,15237,0.0,222.0,15.0,2636.0,1409,521.0,745.0,185.0,1277,2370.0,556.0,1176.0,75.0,6859.0,452.0,46,6.0,2.0,0.0,59364.0,3
2011,6,307,2.0,18,327.0,62.0,389,272,6396,395.0,181.0,3979.0,4433,445.0,502,5380,1439,247,372,97,2,1.0,7.0,188.0,,782,8515,1244,2637,886.0,1847.0,,7536,14150,0.0,186.0,12.0,2465.0,1246,500.0,603.0,173.0,1300,1982.0,447.0,1291.0,93.0,6453.0,498.0,42,2.0,0.0,0.0,56247.0,3
2011,7,331,2.0,6,339.0,37.0,376,326,6682,365.0,219.0,3995.0,4562,482.0,533,5577,1604,221,393,91,3,0.0,13.0,176.0,,822,8900,1265,2587,897.0,1725.0,,7340,13814,1.0,192.0,8.0,2528.0,1291,498.0,649.0,163.0,1285,2111.0,442.0,1355.0,58.0,6205.0,438.0,40,7.0,1.0,0.0,56198.0,3
2011,8,371,2.0,11,384.0,18.0,402,352,7067,423.0,226.0,4289.0,4725,458.0,537,5720,1642,253,354,82,5,1.0,12.0,190.0,,855,9114,1250,2641,920.0,1790.0,,7720,14321,0.0,194.0,13.0,2788.0,1291,545.0,629.0,153.0,1467,2136.0,462.0,1838.0,73.0,7005.0,465.0,38,6.0,0.0,0.0,59713.0,3
2011,9,323,4.0,8,335.0,23.0,358,333,6486,448.0,234.0,3935.0,4527,407.0,546,5480,1629,242,343,90,4,3.0,14.0,159.0,,920,8884,1274,2630,954.0,1623.0,,7694,14175,1.0,157.0,18.0,2611.0,1287,489.0,639.0,189.0,1374,2049.0,486.0,1515.0,59.0,6440.0,414.0,35,2.0,3.0,0.0,56593.0,3
2011,10,318,2.0,11,331.0,20.0,351,345,7036,404.0,213.0,3868.0,4137,397.0,511,5045,1695,257,394,115,1,1.0,6.0,143.0,,878,8535,1413,2392,922.0,1603.0,,7475,13805,2.0,135.0,10.0,2471.0,1188,503.0,544.0,167.0,1374,2037.0,438.0,1404.0,53.0,6519.0,427.0,36,4.0,0.0,1.0,56597.0,3
2011,11,339,2.0,10,351.0,33.0,384,329,6524,380.0,205.0,3552.0,4076,372.0,437,4885,1595,300,355,92,0,1.0,5.0,158.0,,867,8258,1263,2382,831.0,1592.0,,7508,13576,3.0,153.0,8.0,2598.0,1359,536.0,674.0,172.0,1483,2185.0,539.0,1521.0,47.0,6200.0,425.0,38,6.0,0.0,0.0,55043.0,3
2011,12,345,3.0,13,361.0,20.0,381,358,7736,404.0,220.0,4219.0,4163,303.0,418,4884,1615,350,356,108,4,1.0,4.0,148.0,,901,8371,1227,2958,805.0,1526.0,,8122,14638,0.0,115.0,13.0,2617.0,1387,612.0,638.0,172.0,1357,2270.0,533.0,1482.0,67.0,6632.0,440.0,48,4.0,0.0,2.0,59577.0,3
2012,1,329,2.0,12,343.0,38.0,381,412,7490,492.0,202.0,3733.0,4094,362.0,417,4873,1630,299,384,104,3,2.0,4.0,154.0,,972,8425,1386,3210,857.0,1607.0,,8126,15186,0.0,166.0,13.0,2560.0,1379,586.0,645.0,176.0,1413,2239.0,497.0,1302.0,65.0,6827.0,513.0,44,1.0,0.0,1.0,58558.0,3
2012,2,395,2.0,14,411.0,35.0,446,538,7849,479.0,175.0,3722.0,4533,379.0,458,5370,1981,288,457,108,3,2.0,6.0,146.0,,960,9321,1367,5368,869.0,1880.0,,8379,17863,1.0,123.0,18.0,2328.0,1171,507.0,545.0,138.0,1351,2139.0,477.0,1239.0,56.0,6810.0,484.0,55,1.0,0.0,0.0,61283.0,3
2012,3,394,2.0,17,413.0,38.0,451,369,7540,548.0,168.0,4092.0,4372,407.0,479,5258,2026,348,479,147,0,2.0,6.0,175.0,,998,9439,1431,2823,929.0,1667.0,,8506,15356,1.0,151.0,5.0,2857.0,1549,638.0,736.0,208.0,1643,2309.0,564.0,1617.0,78.0,7350.0,484.0,54,4.0,1.0,0.0,62187.0,3
2012,4,342,2.0,7,351.0,45.0,396,387,7361,456.0,191.0,3769.0,4286,372.0,419,5077,2066,298,440,121,2,1.0,12.0,144.0,,918,9079,1412,2509,867.0,1549.0,,8030,14367,1.0,133.0,8.0,2346.0,1627,732.0,740.0,184.0,1633,2396.0,569.0,1358.0,46.0,6845.0,462.0,46,0.0,2.0,1.0,58264.0,3
2012,5,346,1.0,10,357.0,41.0,398,375,6916,473.0,203.0,3884.0,4676,410.0,495,5581,2047,342,456,148,1,2.0,11.0,156.0,,930,9674,1373,2620,1036.0,1724.0,,8793,15546,2.0,205.0,16.0,2809.0,1724,705.0,842.0,216.0,1803,2501.0,617.0,1397.0,47.0,6820.0,460.0,45,6.0,2.0,1.0,62143.0,3
2012,6,318,4.0,9,331.0,19.0,350,357,6926,485.0,209.0,3714.0,4047,355.0,424,4826,1743,287,446,102,1,5.0,5.0,120.0,,877,8412,1266,2378,843.0,1461.0,,7873,13821,0.0,243.0,8.0,2478.0,1736,753.0,823.0,199.0,1377,2416.0,620.0,1350.0,32.0,6574.0,494.0,34,5.0,1.0,0.0,57356.0,3
2012,7,298,5.0,15,318.0,49.0,367,329,7346,540.0,227.0,4164.0,4163,407.0,377,4947,1688,265,481,98,2,1.0,8.0,141.0,,830,8461,1331,2476,856.0,1560.0,,8429,14652,2.0,196.0,14.0,3245.0,1678,664.0,815.0,235.0,1408,2311.0,589.0,1451.0,43.0,6900.0,524.0,38,2.0,2.0,0.0,61308.0,3
2012,8,294,1.0,11,306.0,44.0,350,349,7328,515.0,220.0,4221.0,4041,371.0,345,4757,1751,328,422,100,2,3.0,7.0,167.0,,919,8456,1309,2552,888.0,1647.0,,8332,14728,2.0,140.0,7.0,3248.0,1644,665.0,813.0,206.0,1395,2361.0,627.0,1515.0,53.0,7025.0,517.0,51,1.0,0.0,0.0,60926.0,3
2012,9,331,0.0,13,344.0,15.0,359,327,7214,540.0,180.0,4092.0,3553,337.0,348,4238,1754,247,419,104,1,5.0,11.0,128.0,,833,7740,1283,2233,787.0,1439.0,,7570,13312,4.0,108.0,6.0,2631.0,1437,633.0,670.0,169.0,1300,2091.0,526.0,1353.0,51.0,6838.0,518.0,48,5.0,2.0,0.0,56387.0,3
2012,10,314,0.0,18,332.0,31.0,363,376,7791,561.0,224.0,4296.0,4029,349.0,350,4728,1762,315,420,89,1,1.0,10.0,156.0,,828,8310,1382,2506,902.0,1599.0,,8336,14725,0.0,135.0,8.0,3182.0,1545,636.0,737.0,214.0,1473,2268.0,678.0,1244.0,46.0,7365.0,552.0,47,2.0,1.0,0.0,62040.0,3
2012,11,325,2.0,8,335.0,38.0,373,343,6900,490.0,206.0,3744.0,3898,312.0,362,4572,1728,288,398,96,2,1.0,4.0,151.0,,893,8133,1362,2353,763.0,1413.0,,8125,14016,0.0,127.0,9.0,3031.0,1678,680.0,818.0,209.0,1374,2306.0,741.0,1252.0,55.0,6369.0,463.0,26,2.0,0.0,1.0,56523.0,3
2012,12,395,3.0,8,406.0,26.0,432,412,8805,496.0,239.0,4124.0,3868,301.0,367,4536,1889,351,411,104,2,5.0,8.0,145.0,,874,8325,1361,2841,841.0,1470.0,,8654,15167,0.0,110.0,7.0,2848.0,1522,635.0,733.0,189.0,1276,2356.0,687.0,1161.0,46.0,7515.0,504.0,50,1.0,3.0,0.0,61758.0,3
2013,1,397,2.0,11,410.0,29.0,439,383,6800,514.0,175.0,3396.0,4352,348.0,405,5105,1946,336,489,125,0,4.0,8.0,155.0,,808,8976,1413,3492,771.0,1524.0,,8911,16111,1.0,166.0,10.0,3328.0,1751,708.0,863.0,218.0,1542,2496.0,788.0,1160.0,59.0,7026.0,554.0,46,2.0,0.0,0.0,61491.0,3
2013,2,389,4.0,6,399.0,29.0,428,457,8371,512.0,171.0,3462.0,4678,372.0,421,5471,1909,258,452,118,2,6.0,9.0,136.0,,817,9178,1316,4743,806.0,1727.0,,8963,17555,1.0,138.0,9.0,2780.0,1866,740.0,896.0,271.0,1485,2854.0,859.0,1169.0,50.0,7171.0,499.0,44,4.0,1.0,0.0,64179.0,3
2013,3,411,1.0,11,423.0,38.0,461,479,7944,508.0,163.0,3895.0,4792,366.0,462,5620,2256,262,534,139,0,1.0,14.0,129.0,,990,9945,1509,2319,873.0,1438.0,,8698,14837,0.0,152.0,13.0,3060.0,2151,868.0,1046.0,275.0,1620,3168.0,992.0,1430.0,75.0,7574.0,560.0,64,4.0,1.0,0.0,64660.0,3
2013,4,417,8.0,10,435.0,37.0,472,352,7310,545.0,146.0,3775.0,4934,400.0,415,5749,2185,290,524,131,4,11.0,6.0,196.0,,978,10074,1414,2406,927.0,1357.0,,8471,14575,0.0,140.0,2.0,3316.0,2096,833.0,1060.0,250.0,1769,3112.0,999.0,1462.0,62.0,6877.0,577.0,38,1.0,1.0,0.0,63662.0,3
2013,5,430,2.0,8,440.0,41.0,481,396,7301,482.0,175.0,3600.0,5194,467.0,550,6211,2139,307,661,131,2,2.0,16.0,198.0,,1028,10695,1429,2476,923.0,1415.0,,8395,14638,0.0,125.0,2.0,3217.0,2041,812.0,1031.0,246.0,1728,3084.0,887.0,1561.0,68.0,6960.0,499.0,48,4.0,1.0,1.0,64934.0,3
2013,6,362,4.0,16,382.0,26.0,408,378,7346,483.0,195.0,3988.0,4720,497.0,494,5711,2242,229,641,110,3,3.0,15.0,178.0,,948,10080,1432,2601,870.0,1422.0,,8135,14460,0.0,161.0,11.0,3034.0,1815,708.0,950.0,191.0,1646,3207.0,907.0,1506.0,44.0,6810.0,513.0,35,5.0,1.0,0.0,62910.0,3
2013,7,302,1.0,11,314.0,36.0,350,317,6700,480.0,176.0,3941.0,4964,470.0,523,5957,2242,256,625,141,3,3.0,11.0,161.0,,989,10388,1501,3256,947.0,1545.0,,8837,16086,0.0,174.0,13.0,3114.0,1794,663.0,968.0,206.0,1861,2860.0,975.0,1731.0,47.0,6307.0,368.0,36,5.0,1.0,2.0,64980.0,3
2013,8,407,3.0,17,427.0,27.0,454,344,6706,457.0,217.0,4304.0,5333,535.0,627,6495,2525,290,610,127,1,3.0,8.0,159.0,,1044,11262,1549,2653,934.0,1445.0,,8099,14680,0.0,172.0,18.0,3241.0,1922,753.0,985.0,219.0,1904,2851.0,866.0,1621.0,57.0,6659.0,405.0,30,4.0,3.0,0.0,65047.0,3
2013,9,378,4.0,16,398.0,41.0,439,449,7150,509.0,245.0,4313.0,5098,572.0,632,6302,2382,282,588,105,2,7.0,14.0,156.0,,951,10789,1578,2885,886.0,1913.0,,8562,15824,0.0,169.0,13.0,2857.0,1973,801.0,966.0,240.0,1950,2942.0,1052.0,1445.0,72.0,6866.0,424.0,34,4.0,3.0,0.0,65831.0,3
2013,10,377,3.0,12,392.0,38.0,430,441,7508,520.0,184.0,4142.0,5531,529.0,579,6639,2639,295,546,120,1,4.0,8.0,169.0,,1101,11522,1588,2659,934.0,1497.0,,8718,15396,0.0,168.0,5.0,3139.0,2141,937.0,999.0,262.0,2077,3099.0,1091.0,1674.0,52.0,7117.0,497.0,41,5.0,2.0,1.0,68030.0,3
2013,11,414,2.0,13,429.0,31.0,460,420,7278,467.0,189.0,4116.0,5355,473.0,542,6370,2644,309,609,127,2,4.0,12.0,142.0,,1101,11320,1441,2514,839.0,1372.0,,7921,14087,1.0,152.0,14.0,2645.0,1836,759.0,903.0,221.0,1906,2838.0,969.0,1662.0,36.0,6870.0,443.0,45,4.0,2.0,0.0,63796.0,3
2013,12,461,5.0,17,483.0,43.0,526,532,8207,408.0,195.0,4184.0,5667,436.0,523,6626,2893,420,661,117,1,2.0,11.0,122.0,,1108,11961,1498,2687,902.0,1290.0,,8189,14566,0.0,151.0,7.0,2678.0,1841,727.0,933.0,216.0,1867,2763.0,973.0,1131.0,37.0,7452.0,483.0,41,6.0,0.0,0.0,65609.0,3
2014,1,464,3.0,15,482.0,50.0,532,557,9050,555.0,194.0,4064.0,6625,473.0,662,7760,3206,489,774,126,6,4.0,9.0,121.0,0.0,1275,13770,1638,3268,938.0,1538.0,0.0,9880,17262,0.0,178.0,31.0,3017.0,2356,1160.0,1012.0,219.0,2342,3095.0,1091.0,1494.0,47.0,9034.0,628.0,66,3.0,0.0,0.0,75403.0,3
2014,2,482,5.0,16,503.0,56.0,559,543,8093,555.0,166.0,3787.0,6555,461.0,621,7637,3025,418,728,140,4,5.0,14.0,123.0,0.0,1167,13261,1484,3274,940.0,1349.0,0.0,8809,15856,0.0,154.0,18.0,2873.0,2126,904.0,1021.0,234.0,2167,3095.0,1114.0,1289.0,58.0,8049.0,520.0,63,3.0,1.0,0.0,69434.0,3
2014,3,510,5.0,10,525.0,46.0,571,544,8357,479.0,214.0,3938.0,7014,555.0,639,8208,2947,401,773,125,2,4.0,16.0,94.0,0.0,1141,13711,1640,4564,974.0,1577.0,0.0,9248,18003,1.0,175.0,17.0,2745.0,2046,871.0,1002.0,228.0,2355,3154.0,1077.0,1533.0,60.0,8154.0,563.0,59,2.0,5.0,0.0,72915.0,3
2014,4,449,1.0,17,467.0,37.0,504,559,7484,469.0,194.0,3638.0,6777,554.0,657,7988,3073,371,758,120,3,5.0,9.0,142.0,0.0,1239,13708,1498,2612,939.0,1124.0,0.0,8229,14402,0.0,129.0,14.0,2700.0,2161,885.0,1077.0,250.0,2426,3105.0,1001.0,1700.0,73.0,7440.0,532.0,41,3.0,1.0,0.0,67358.0,3
2014,5,444,3.0,8,455.0,53.0,508,505,6249,442.0,161.0,3941.0,7033,573.0,571,8177,3073,520,728,139,1,4.0,9.0,111.0,0.0,1168,13930,1510,2576,876.0,1153.0,0.0,8116,14231,0.0,163.0,17.0,2864.0,2086,900.0,975.0,251.0,2495,2884.0,817.0,1929.0,67.0,6689.0,451.0,32,3.0,2.0,0.0,66175.0,3
2014,6,377,1.0,18,396.0,45.0,441,503,7229,429.0,185.0,3831.0,6716,616.0,565,7897,2635,386,649,104,0,2.0,6.0,88.0,0.0,1046,12813,1391,2952,782.0,1198.0,0.0,8738,15061,0.0,134.0,13.0,2793.0,2040,923.0,912.0,235.0,2003,2704.0,735.0,1511.0,59.0,6843.0,447.0,25,3.0,2.0,0.0,65397.0,3
2014,7,370,4.0,14,388.0,57.0,445,439,6070,442.0,156.0,3573.0,7196,647.0,592,8435,2479,442,650,95,2,1.0,14.0,136.0,0.0,1110,13364,1456,3248,1023.0,1287.0,0.0,9338,16352,0.0,125.0,6.0,3146.0,2220,966.0,1013.0,286.0,2105,2741.0,798.0,2109.0,83.0,6376.0,429.0,38,2.0,2.0,0.0,67615.0,3
2014,8,373,4.0,9,386.0,45.0,431,419,6250,450.0,185.0,3964.0,6715,748.0,505,7968,2411,448,546,104,3,2.0,5.0,110.0,0.0,916,12513,1493,2364,970.0,1184.0,0.0,7670,13681,0.0,139.0,7.0,2871.0,2436,1113.0,1077.0,289.0,1995,2846.0,913.0,1674.0,52.0,6609.0,493.0,38,3.0,2.0,0.0,65097.0,3
2014,9,345,4.0,7,356.0,49.0,405,528,6884,482.0,153.0,4112.0,6478,759.0,533,7770,2270,481,512,76,1,6.0,2.0,114.0,0.0,885,12117,1341,2566,945.0,1302.0,0.0,7828,13982,0.0,152.0,9.0,3000.0,2480,1134.0,1122.0,280.0,1951,2862.0,942.0,2314.0,77.0,7125.0,510.0,55,2.0,1.0,0.0,67511.0,3
2014,10,375,3.0,11,389.0,45.0,434,542,7247,474.0,163.0,4014.0,6741,793.0,649,8183,2289,545,499,82,4,4.0,6.0,120.0,0.0,1095,12827,1429,2606,991.0,1310.0,0.0,8199,14535,0.0,184.0,8.0,3298.0,2344,1056.0,1118.0,215.0,1860,2900.0,1030.0,1651.0,61.0,7224.0,524.0,41,4.0,1.0,0.0,68540.0,3
2014,11,345,2.0,11,358.0,63.0,421,582,7044,472.0,156.0,3821.0,6248,820.0,609,7677,2413,602,524,97,2,2.0,6.0,117.0,0.0,1081,12521,1377,2660,894.0,1252.0,0.0,8024,14207,0.0,149.0,6.0,2824.0,2414,1112.0,1088.0,272.0,1671,2742.0,872.0,1685.0,76.0,6837.0,558.0,48,4.0,1.0,0.0,65986.0,3
2014,12,408,6.0,16,430.0,38.0,468,645,7604,427.0,153.0,3916.0,6363,759.0,711,7833,2830,787,601,97,0,5.0,4.0,139.0,0.0,1164,13460,1426,2834,872.0,1259.0,0.0,8377,14768,0.0,125.0,22.0,2639.0,2224,1039.0,1011.0,217.0,1857,2688.0,799.0,1290.0,58.0,7019.0,546.0,39,1.0,0.0,0.0,67296.0,3
2015,1,439,1.0,11,451.0,65.0,516,618,7747,485.0,166.0,3522.0,6928,915.0,702,8545,2874,735,666,105,2,4.0,3.0,110.0,0.0,1323,14367,1593,3396,832.0,1451.0,0.0,9082,16354,1.0,143.0,9.0,3171.0,2492,1101.0,1198.0,232.0,2328,2905.0,934.0,1496.0,58.0,7272.0,577.0,54,2.0,3.0,0.0,71617.0,3
2015,2,326,8.0,10,344.0,83.0,427,479,6757,346.0,134.0,2966.0,6421,906.0,499,7826,2494,507,562,78,3,4.0,10.0,136.0,0.0,1253,12873,1334,4975,776.0,1854.0,0.0,8365,17304,0.0,124.0,14.0,2378.0,2334,1048.0,1078.0,246.0,1969,2809.0,903.0,1431.0,57.0,6135.0,500.0,43,2.0,1.0,0.0,65058.0,3
2015,3,382,1.0,15,398.0,54.0,452,545,6795,439.0,144.0,3600.0,6145,904.0,586,7635,2861,548,609,106,2,3.0,13.0,165.0,0.0,1277,13219,1521,3368,988.0,1534.0,0.0,8311,15722,0.0,186.0,17.0,3266.0,2514,1068.0,1249.0,240.0,2310,3425.0,1010.0,1759.0,87.0,7088.0,593.0,55,13.0,3.0,0.0,69267.0,3
2015,4,339,4.0,21,364.0,59.0,423,490,6293,420.0,142.0,3358.0,5551,890.0,636,7077,2690,481,526,87,5,5.0,12.0,124.0,0.0,1140,12147,1321,2991,929.0,1383.0,0.0,7520,14144,1.0,154.0,13.0,2657.0,2252,894.0,1159.0,250.0,1968,3083.0,931.0,1958.0,57.0,6259.0,504.0,38,1.0,2.0,0.0,63077.0,3
2015,5,347,2.0,8,357.0,44.0,401,482,5844,354.0,159.0,3322.0,5416,916.0,643,6975,2451,559,525,83,3,1.0,5.0,147.0,0.0,1216,11965,1432,3256,951.0,1436.0,0.0,7759,14834,1.0,206.0,7.0,3019.0,2256,917.0,1177.0,206.0,2031,3094.0,806.0,1878.0,57.0,5992.0,520.0,44,4.0,4.0,1.0,64230.0,3
2015,6,272,2.0,16,290.0,44.0,334,477,5535,389.0,140.0,3369.0,4421,896.0,619,5936,2254,566,465,96,3,1.0,5.0,106.0,3.0,1243,10678,1333,2974,968.0,1514.0,5.0,7475,14269,0.0,192.0,10.0,2940.0,2134,845.0,1134.0,204.0,1768,3128.0,798.0,1676.0,57.0,5678.0,493.0,52,4.0,1.0,1.0,60357.0,3
2015,7,306,2.0,9,317.0,61.0,378,484,5711,427.0,146.0,3399.0,4844,964.0,602,6410,2425,542,595,96,1,3.0,8.0,98.0,24.0,1167,11369,1381,2856,852.0,1488.0,220.0,7484,14281,0.0,183.0,11.0,3146.0,2543,1122.0,1230.0,231.0,1905,3028.0,842.0,1802.0,83.0,5917.0,498.0,38,2.0,2.0,0.0,63135.0,3
2015,8,336,2.0,11,349.0,49.0,398,467,6268,436.0,154.0,3603.0,4825,1109.0,628,6562,2322,486,530,100,0,2.0,5.0,93.0,17.0,1173,11290,1390,2840,860.0,1632.0,170.0,7255,14147,0.0,191.0,10.0,2970.0,2461,1032.0,1273.0,201.0,1837,3136.0,885.0,1781.0,71.0,5993.0,487.0,45,1.0,0.0,0.0,63173.0,3
2015,9,351,0.0,6,357.0,58.0,415,598,6165,388.0,141.0,3304.0,4760,1195.0,793,6748,2417,536,561,91,2,2.0,8.0,125.0,21.0,1151,11662,1419,3138,889.0,2072.0,187.0,7776,15481,1.0,162.0,6.0,2760.0,2267,953.0,1151.0,204.0,1851,2864.0,872.0,1671.0,93.0,5914.0,592.0,48,8.0,2.0,0.0,63327.0,3
2015,10,380,2.0,10,392.0,52.0,444,410,6531,383.0,150.0,3400.0,5076,1073.0,719,6868,2500,661,514,109,1,3.0,3.0,106.0,19.0,1202,11986,1388,2734,896.0,1738.0,201.0,7237,14194,0.0,156.0,14.0,2959.0,2410,1055.0,1222.0,198.0,1848,2984.0,883.0,1724.0,100.0,6422.0,509.0,34,2.0,0.0,0.0,64029.0,3
2015,11,340,5.0,5,350.0,47.0,397,479,6774,405.0,156.0,3072.0,5410,1167.0,651,7228,2611,684,591,115,2,4.0,4.0,114.0,17.0,1189,12559,1455,2771,845.0,1552.0,149.0,7184,13956,0.0,193.0,7.0,3046.0,2213,898.0,1149.0,211.0,1925,2932.0,780.0,1649.0,97.0,6124.0,552.0,31,4.0,2.0,0.0,63006.0,3
2015,12,382,3.0,11,396.0,29.0,425,480,6956,415.0,152.0,3456.0,5640,1103.0,727,7470,3136,920,612,122,3,1.0,7.0,94.0,17.0,1436,13818,1377,3049,988.0,1533.0,154.0,8058,15159,0.0,138.0,15.0,3283.0,2213,1129.0,941.0,191.0,1923,2644.0,720.0,1377.0,77.0,6138.0,523.0,51,5.0,3.0,0.0,67080.0,3
2016,1,406,2.0,18,426.0,53.0,479,518,6317,407.0,174.0,2827.0,7209,1342.0,814,9365,3358,732,618,123,2,1.0,6.0,79.0,23.0,1366,15673,1515,3513,957.0,1741.0,147.0,8039,15912,0.0,137.0,5.0,3042.0,2249,935.0,1169.0,186.0,2341,2937.0,950.0,1372.0,86.0,5660.0,606.0,49,3.0,1.0,0.0,67980.0,3
2016,2,404,6.0,22,432.0,49.0,481,497,6570,329.0,139.0,2865.0,7753,1376.0,813,9942,3056,621,579,114,3,2.0,4.0,64.0,14.0,1754,16153,1456,4047,829.0,1804.0,168.0,8255,16559,0.0,118.0,6.0,2673.0,2092,815.0,1106.0,212.0,2103,3076.0,862.0,1443.0,86.0,5767.0,481.0,43,7.0,0.0,0.0,68785.0,3
2016,3,445,2.0,18,465.0,61.0,526,552,6356,380.0,111.0,2929.0,7455,1448.0,909,9812,3392,636,599,97,3,10.0,11.0,85.0,17.0,1532,16194,1409,2466,919.0,1514.0,173.0,7691,14172,0.0,195.0,6.0,3271.0,2287,843.0,1282.0,213.0,2499,3352.0,1020.0,1640.0,76.0,6167.0,501.0,59,6.0,4.0,0.0,68196.0,3
2016,4,475,1.0,15,491.0,78.0,569,549,5767,428.0,140.0,3056.0,6774,1456.0,896,9126,3259,727,575,107,2,2.0,8.0,57.0,13.0,1635,15511,1438,2074,849.0,1391.0,171.0,7110,13033,1.0,151.0,9.0,2936.0,2047,712.0,1171.0,198.0,2392,3133.0,887.0,1350.0,98.0,5317.0,468.0,36,1.0,3.0,1.0,63881.0,3
2016,5,369,4.0,16,389.0,84.0,473,480,5333,371.0,145.0,2869.0,7446,1447.0,1026,9919,3258,734,599,91,0,2.0,3.0,71.0,15.0,1729,16421,1541,2259,835.0,1322.0,197.0,7362,13516,0.0,141.0,7.0,3360.0,2125,765.0,1196.0,201.0,2417,3047.0,834.0,1525.0,95.0,4999.0,456.0,38,7.0,5.0,1.0,65276.0,3
2016,6,373,5.0,25,403.0,75.0,478,421,4677,368.0,122.0,2940.0,8000,1617.0,1114,10731,3310,698,517,120,3,3.0,5.0,44.0,19.0,1662,17112,1454,2212,831.0,1299.0,160.0,6778,12734,0.0,109.0,4.0,3097.0,1972,781.0,1055.0,192.0,2393,2911.0,834.0,1649.0,109.0,4981.0,427.0,43,1.0,1.0,0.0,64330.0,3
2016,7,368,8.0,15,391.0,74.0,465,482,5636,394.0,144.0,3019.0,7834,1681.0,1144,10659,3105,700,631,100,1,8.0,5.0,68.0,17.0,1539,16833,1300,2117,811.0,1370.0,148.0,7535,13281,2.0,126.0,3.0,3129.0,2221,925.0,1128.0,208.0,2399,2968.0,737.0,1551.0,124.0,5178.0,497.0,50,1.0,3.0,0.0,66294.0,3
2016,8,387,4.0,14,405.0,74.0,479,530,5368,390.0,159.0,3209.0,8032,1754.0,1173,10959,3041,759,642,103,1,2.0,7.0,67.0,13.0,1623,17217,1241,2509,956.0,1582.0,161.0,9502,15951,0.0,109.0,5.0,3484.0,2148,952.0,1045.0,190.0,2084,2910.0,780.0,1378.0,120.0,5239.0,437.0,41,1.0,7.0,0.0,69548.0,3
2016,9,425,3.0,19,447.0,88.0,535,478,5679,431.0,153.0,2864.0,8050,1805.0,1310,11165,3439,892,668,110,2,4.0,2.0,67.0,21.0,1693,18063,1281,2078,898.0,1554.0,193.0,7863,13867,1.0,128.0,3.0,3038.0,2057,869.0,1045.0,181.0,2365,2696.0,803.0,1172.0,90.0,5489.0,463.0,45,3.0,1.0,0.0,67474.0,3
2016,10,465,7.0,30,502.0,87.0,589,511,6366,412.0,171.0,2992.0,8957,1947.0,1526,12430,4181,944,645,110,3,3.0,8.0,60.0,18.0,1823,20225,1367,2058,839.0,1422.0,183.0,7834,13703,5.0,152.0,4.0,3279.0,1888,820.0,931.0,161.0,2480,2841.0,792.0,1099.0,76.0,5537.0,566.0,44,2.0,2.0,0.0,70271.0,3
2016,11,461,8.0,18,487.0,94.0,581,528,5705,392.0,142.0,2622.0,8676,1880.0,1611,12167,4111,1102,663,136,2,9.0,8.0,44.0,8.0,1971,20221,1394,1943,770.0,1332.0,146.0,7407,12992,1.0,127.0,10.0,2798.0,1901,718.0,1038.0,169.0,2712,2809.0,822.0,1082.0,95.0,5197.0,493.0,46,2.0,7.0,0.0,66725.0,3
2016,12,464,6.0,29,499.0,108.0,607,509,6249,403.0,183.0,2758.0,7632,1796.0,1395,10823,4186,1329,552,107,2,5.0,5.0,71.0,13.0,2065,19158,1363,1999,758.0,1243.0,166.0,7989,13518,2.0,120.0,7.0,2805.0,2029,824.0,1090.0,153.0,2505,3065.0,780.0,1070.0,88.0,5317.0,510.0,47,3.0,4.0,0.0,67282.0,3
2017,1,479,1.0,25,505.0,98.0,603,549,4700,409.0,155.0,1759.0,5133,1137.0,828,7098,4206,693,334,81,3,3.0,1.0,40.0,8.0,1754,14221,1357,1442,469.0,875.0,128.0,5803,10074,0.0,84.0,7.0,1727.0,1704,524.0,1066.0,143.0,3149,2860.0,762.0,944.0,121.0,3794.0,367.0,45,1.0,4.0,0.0,51390.0,3
2017,2,503,4.0,26,533.0,85.0,618,452,2521,324.0,170.0,848.0,2260,551.0,487,3298,4286,452,277,49,0,4.0,3.0,11.0,4.0,1330,9714,1310,663,167.0,527.0,39.0,3089,5795,0.0,49.0,8.0,717.0,1266,372.0,808.0,120.0,2307,2396.0,535.0,882.0,82.0,1409.0,236.0,39,1.0,1.0,0.0,31231.0,3
2017,3,498,6.0,28,532.0,123.0,655,449,3897,421.0,175.0,1396.0,6109,1937.0,1306,9352,5002,781,527,98,3,7.0,4.0,32.0,26.0,3661,19493,1428,1536,472.0,1346.0,158.0,8680,13620,3.0,131.0,1.0,1996.0,1706,488.0,1090.0,151.0,2932,3062.0,811.0,1425.0,93.0,3058.0,350.0,33,1.0,1.0,0.0,60412.0,3
2017,4,436,1.0,22,459.0,80.0,539,538,5659,363.0,184.0,2379.0,8543,2520.0,1591,12654,4891,1032,652,127,1,6.0,7.0,60.0,14.0,3484,22928,1289,1575,573.0,1281.0,204.0,7789,12711,4.0,132.0,7.0,2616.0,1814,620.0,1058.0,169.0,3481,2960.0,696.0,1354.0,114.0,4596.0,361.0,27,2.0,7.0,0.0,67962.0,3
2017,5,425,1.0,20,446.0,97.0,543,504,5190,419.0,188.0,2755.0,9669,2548.0,1616,13833,4596,1240,669,124,1,12.0,7.0,53.0,13.0,2655,23203,1302,1866,813.0,1410.0,243.0,8359,13993,1.0,156.0,17.0,3059.0,1862,610.0,1114.0,182.0,3522,2982.0,639.0,1443.0,128.0,4650.0,379.0,18,4.0,1.0,0.0,71895.0,3
2017,6,390,2.0,18,410.0,97.0,507,475,5010,394.0,172.0,2611.0,8534,2336.0,1379,12249,4551,982,619,129,2,6.0,3.0,67.0,13.0,2544,21165,1383,1655,701.0,1435.0,151.0,7361,12686,0.0,159.0,15.0,2782.0,1864,620.0,1088.0,191.0,3227,2718.0,606.0,1635.0,121.0,4576.0,406.0,23,2.0,1.0,1.0,67336.0,3
2017,7,374,1.0,23,398.0,63.0,461,421,5052,371.0,186.0,2618.0,8567,2468.0,1552,12587,4951,908,636,105,3,3.0,8.0,59.0,19.0,2569,21848,1206,1634,720.0,1418.0,168.0,7329,12475,0.0,128.0,11.0,2836.0,1791,719.0,956.0,155.0,3476,2722.0,601.0,1594.0,193.0,4524.0,404.0,23,1.0,5.0,0.0,67937.0,3
2017,8,397,4.0,16,417.0,70.0,487,528,5230,433.0,178.0,2576.0,8815,2417.0,1628,12860,4613,843,649,111,2,1.0,6.0,79.0,4.0,2638,21806,1318,1754,757.0,1340.0,183.0,7768,13120,0.0,145.0,11.0,2988.0,1887,725.0,1016.0,182.0,3494,2833.0,623.0,1818.0,222.0,4701.0,420.0,42,5.0,2.0,1.0,70380.0,3
2017,9,458,2.0,12,472.0,106.0,578,479,5643,457.0,176.0,2607.0,7683,2215.0,1273,11171,4316,677,535,109,0,3.0,3.0,82.0,14.0,2555,19465,1281,1874,782.0,1756.0,183.0,7799,13675,0.0,137.0,6.0,2729.0,1852,723.0,1009.0,163.0,2958,2897.0,721.0,1578.0,175.0,4806.0,429.0,30,2.0,1.0,2.0,67396.0,3
2017,10,486,7.0,17,510.0,98.0,608,550,6132,503.0,181.0,2538.0,7450,2243.0,1194,10887,4266,901,625,104,1,3.0,5.0,63.0,14.0,2570,19439,1321,1578,750.0,1536.0,147.0,7710,13042,0.0,118.0,7.0,2960.0,1887,734.0,1007.0,174.0,3184,2754.0,555.0,1516.0,150.0,5359.0,470.0,38,3.0,1.0,0.0,68003.0,3
2017,11,455,6.0,16,477.0,125.0,602,547,5506,473.0,155.0,2330.0,6835,2032.0,1268,10135,4197,937,576,111,3,5.0,6.0,68.0,7.0,2698,18743,1300,1781,682.0,1462.0,160.0,6754,12139,0.0,125.0,10.0,2669.0,1894,720.0,1034.0,163.0,3056,2658.0,535.0,1369.0,145.0,4777.0,409.0,34,2.0,3.0,0.0,63950.0,3
2017,12,445,4.0,14,463.0,85.0,548,509,6015,385.0,192.0,2455.0,6395,1976.0,1151,9522,4491,1153,501,110,3,7.0,3.0,76.0,10.0,2536,18412,1213,1805,655.0,1241.0,160.0,6886,11960,0.0,93.0,11.0,2393.0,1785,727.0,927.0,178.0,2844,2513.0,461.0,1342.0,123.0,4785.0,400.0,25,1.0,4.0,0.0,62715.0,3
2018,1,468,6.0,23,497.0,157.0,654,607,5575,409.0,164.0,2093.0,7810,2044.0,1070,10924,5286,977,596,108,3,10.0,4.0,68.0,17.0,2935,20928,1264,2263,675.0,1425.0,139.0,7420,13186,0.0,123.0,12.0,2815.0,1793,626.0,1024.0,175.0,3695,2788.0,567.0,1000.0,149.0,4834.0,453.0,44,1.0,5.0,1.0,67683.0,3
2018,2,441,5.0,21,467.0,102.0,569,494,5087,446.0,129.0,1793.0,7268,2154.0,1011,10433,4792,742,552,113,1,5.0,1.0,65.0,4.0,2976,19684,1159,2327,548.0,1578.0,116.0,6691,12419,0.0,107.0,12.0,2137.0,1588,572.0,913.0,132.0,3292,2505.0,503.0,1206.0,151.0,4261.0,334.0,41,0.0,2.0,0.0,61383.0,3
2018,3,508,6.0,20,534.0,109.0,643,553,5473,452.0,171.0,2308.0,7638,2183.0,1385,11206,5358,918,638,115,2,5.0,9.0,52.0,8.0,2729,21040,1249,1623,743.0,1224.0,150.0,6557,11546,0.0,136.0,4.0,2654.0,1744,673.0,950.0,152.0,3450,2795.0,577.0,1347.0,109.0,4962.0,428.0,33,1.0,4.0,0.0,66035.0,3
2018,4,476,2.0,14,492.0,101.0,593,491,5299,428.0,176.0,2410.0,7596,2101.0,1352,11049,4656,892,665,104,1,5.0,8.0,67.0,13.0,2517,19977,1346,1596,748.0,1146.0,149.0,6522,11507,0.0,101.0,17.0,2659.0,1857,718.0,992.0,172.0,3444,2937.0,581.0,1297.0,147.0,4706.0,370.0,26,0.0,1.0,0.0,64527.0,3
2018,5,423,2.0,13,438.0,145.0,583,535,5157,452.0,158.0,2354.0,8034,2294.0,1501,11829,4382,752,631,105,2,7.0,7.0,94.0,14.0,2783,20606,1361,1610,783.0,1173.0,181.0,7008,12116,0.0,145.0,7.0,3159.0,1966,691.0,1119.0,184.0,3148,3071.0,582.0,1430.0,210.0,4669.0,373.0,45,5.0,3.0,0.0,66922.0,3
2018,6,375,6.0,11,392.0,155.0,547,571,4983,440.0,195.0,2175.0,7735,2247.0,1346,11328,4014,755,525,111,1,7.0,4.0,80.0,16.0,2654,19495,1278,1467,690.0,1229.0,156.0,6401,11221,0.0,133.0,11.0,2885.0,1809,610.0,1066.0,167.0,2422,2911.0,578.0,1268.0,228.0,4423.0,413.0,30,2.0,1.0,1.0,62142.0,3
2018,7,410,6.0,9,425.0,130.0,555,546,5223,419.0,153.0,2361.0,7488,2196.0,1312,10996,3518,731,503,94,1,1.0,6.0,58.0,12.0,2321,18241,1294,1653,649.0,1366.0,137.0,6580,11679,2.0,127.0,8.0,3226.0,1880,662.0,1082.0,170.0,2478,2741.0,607.0,1387.0,190.0,4587.0,387.0,26,6.0,3.0,1.0,62689.0,3
2018,8,360,6.0,13,379.0,176.0,555,535,4655,433.0,157.0,2267.0,7261,2170.0,1400,10831,3910,673,535,109,2,2.0,4.0,62.0,12.0,2620,18760,1398,1553,733.0,1302.0,162.0,6944,12092,0.0,149.0,12.0,3615.0,1994,694.0,1141.0,201.0,3368,3050.0,587.0,1727.0,260.0,4532.0,377.0,24,4.0,2.0,0.0,65797.0,3
2018,9,382,7.0,14,403.0,108.0,511,509,5344,489.0,157.0,2504.0,6756,2182.0,1275,10213,4053,578,463,103,1,1.0,9.0,160.0,16.0,2385,17982,1339,1419,655.0,1173.0,161.0,6686,11433,0.0,146.0,5.0,2809.0,1959,747.0,1062.0,183.0,2625,2798.0,470.0,1633.0,190.0,4666.0,386.0,17,1.0,4.0,0.0,62376.0,3
2018,10,383,2.0,11,396.0,127.0,523,491,5472,488.0,153.0,2382.0,7360,2477.0,1441,11278,4242,651,454,95,1,8.0,9.0,83.0,18.0,2308,19147,1428,1597,735.0,1368.0,206.0,7036,12370,0.0,143.0,8.0,2959.0,1735,666.0,939.0,165.0,3176,2727.0,515.0,1105.0,171.0,4877.0,427.0,16,2.0,1.0,1.0,65589.0,3
2018,11,378,3.0,12,393.0,136.0,529,463,5277,424.0,153.0,2283.0,7017,2346.0,1384,10747,4074,725,441,84,5,3.0,6.0,79.0,16.0,2363,18543,1325,1560,737.0,1357.0,176.0,6963,12118,1.0,121.0,4.0,2879.0,1716,664.0,931.0,160.0,2848,2754.0,489.0,1233.0,259.0,4657.0,410.0,24,2.0,1.0,0.0,63281.0,3
2018,12,346,5.0,13,364.0,88.0,452,447,5737,430.0,191.0,2590.0,6459,2144.0,1183,9786,3812,788,434,108,1,4.0,16.0,73.0,13.0,2168,17203,1353,1772,620.0,1377.0,168.0,6893,12183,1.0,123.0,7.0,2696.0,1585,640.0,815.0,165.0,2502,2471.0,490.0,1147.0,217.0,4835.0,422.0,24,3.0,1.0,0.0,62043.0,3
2019,1,386,2.0,15,403.0,159.0,562,577,6423,459.0,157.0,2334.0,7454,2414.0,1328,11196,3785,740,431,116,2,7.0,6.0,88.0,19.0,2365,18755,1415,2058,720.0,1581.0,168.0,7992,13934,0.0,129.0,6.0,3125.0,2021,792.0,1077.0,201.0,2810,2915.0,540.0,1266.0,236.0,5902.0,447.0,31,4.0,2.0,0.0,69609.0,3
2019,2,323,5.0,8,336.0,145.0,481,450,5210,440.0,157.0,2045.0,7000,2111.0,1356,10467,3554,645,411,116,4,1.0,14.0,60.0,14.0,2124,17410,1344,1889,685.0,1613.0,158.0,7315,13004,0.0,144.0,7.0,3089.0,2090,798.0,1126.0,202.0,2556,3072.0,559.0,1392.0,235.0,4904.0,351.0,37,4.0,4.0,0.0,64967.0,3
2019,3,344,5.0,11,360.0,132.0,492,590,5902,469.0,160.0,2157.0,7734,2626.0,1532,11892,3775,638,497,95,1,4.0,5.0,88.0,16.0,2547,19558,1364,2757,634.0,1889.0,202.0,8549,15395,0.0,159.0,6.0,3004.0,1941,740.0,1053.0,181.0,2470,3026.0,618.0,1392.0,306.0,5571.0,407.0,29,2.0,2.0,0.0,72100.0,3
2019,4,360,1.0,11,372.0,124.0,496,466,5573,483.0,172.0,2182.0,7031,2424.0,1585,11040,3755,667,502,124,2,4.0,10.0,82.0,23.0,2245,18454,1244,1519,607.0,1318.0,211.0,7633,12532,0.0,151.0,11.0,3260.0,1909,745.0,1021.0,187.0,2624,3128.0,497.0,1648.0,350.0,5310.0,408.0,22,3.0,1.0,0.0,67797.0,3
2019,5,345,2.0,15,362.0,172.0,534,478,4958,465.0,145.0,2304.0,7332,2427.0,1625,11384,3649,710,514,93,1,3.0,9.0,87.0,7.0,2216,18673,1480,1475,715.0,1423.0,220.0,7711,13024,0.0,147.0,7.0,3498.0,2034,735.0,1133.0,199.0,2450,3169.0,527.0,1771.0,248.0,5068.0,390.0,20,1.0,0.0,0.0,68336.0,3
2019,6,332,3.0,8,343.0,153.0,496,436,4769,414.0,152.0,2481.0,6077,2187.0,1287,9551,3115,599,382,85,1,4.0,19.0,83.0,9.0,1984,15832,1251,1443,630.0,1345.0,189.0,7224,12082,0.0,133.0,6.0,3029.0,1854,763.0,976.0,158.0,2041,2848.0,467.0,1585.0,233.0,4497.0,403.0,20,1.0,3.0,0.0,61202.0,3
2019,7,313,5.0,13,331.0,195.0,526,396,4739,402.0,150.0,2323.0,6636,2226.0,1208,10070,3197,691,385,72,1,0.0,12.0,97.0,16.0,2113,16654,1353,1570,746.0,1391.0,230.0,7632,12922,0.0,135.0,12.0,3628.0,1861,709.0,996.0,187.0,2355,2907.0,490.0,1856.0,267.0,4678.0,400.0,32,7.0,0.0,0.0,65817.0,3
2019,8,320,1.0,6,327.0,173.0,500,455,4759,460.0,162.0,2431.0,6452,2244.0,1194,9890,3181,587,432,103,1,1.0,9.0,98.0,17.0,1796,16115,1361,1568,674.0,1534.0,185.0,7280,12602,0.0,132.0,12.0,3546.0,1862,668.0,1067.0,171.0,2081,3114.0,476.0,2028.0,265.0,4662.0,367.0,27,8.0,2.0,0.0,65285.0,3
2019,9,310,6.0,7,323.0,154.0,477,344,4795,482.0,158.0,2350.0,5794,2067.0,996,8857,2613,467,363,80,0,2.0,9.0,80.0,20.0,1445,13936,1194,1341,598.0,1454.0,211.0,6839,11637,0.0,157.0,7.0,3344.0,1773,699.0,942.0,157.0,1903,2781.0,464.0,1987.0,247.0,4789.0,399.0,19,13.0,4.0,0.0,59844.0,3
2019,10,321,4.0,4,329.0,146.0,475,427,5712,532.0,186.0,2368.0,6301,2207.0,1111,9619,3028,582,364,95,0,7.0,9.0,87.0,18.0,1739,15548,1198,1541,701.0,1892.0,239.0,7584,13155,0.0,152.0,14.0,4182.0,1910,766.0,1008.0,168.0,1813,2937.0,538.0,1791.0,282.0,5302.0,425.0,17,3.0,3.0,0.0,65855.0,3
2019,11,320,3.0,14,337.0,137.0,474,380,5402,423.0,191.0,2255.0,5442,2025.0,1103,8570,2979,521,356,63,0,3.0,8.0,105.0,13.0,1718,14336,1161,1528,630.0,1483.0,233.0,6979,12014,0.0,115.0,6.0,3903.0,1771,758.0,876.0,169.0,1705,2729.0,478.0,1613.0,221.0,4949.0,391.0,21,3.0,0.0,0.0,60902.0,3
2019,12,330,8.0,5,343.0,124.0,467,410,5413,421.0,189.0,2398.0,5076,1830.0,1029,7935,3118,609,368,88,7,1.0,11.0,116.0,17.0,1773,14043,1230,1564,584.0,1420.0,224.0,7199,12221,2.0,107.0,7.0,3645.0,1723,831.0,817.0,106.0,2055,2593.0,402.0,1132.0,222.0,4676.0,380.0,23,2.0,1.0,0.0,59808.0,3
2020,1,358,4.0,8,370.0,156.0,526,448,5369,398.0,145.0,1936.0,6194,2188.0,1181,9563,3246,577,414,74,1,5.0,6.0,99.0,29.0,1852,15866,1365,2118,582.0,1744.0,278.0,8562,14649,0.0,98.0,9.0,3950.0,1720,734.0,877.0,140.0,2128,2857.0,482.0,1335.0,265.0,4942.0,400.0,36,1.0,2.0,0.0,65718.0,3
2020,2,326,2.0,10,338.0,164.0,502,421,5408,420.0,153.0,1890.0,5692,2065.0,1298,9055,2925,418,382,61,2,7.0,4.0,81.0,12.0,1555,14502,1182,2133,568.0,2270.0,231.0,7328,13712,0.0,103.0,10.0,3547.0,1738,776.0,877.0,111.0,1788,2883.0,431.0,1190.0,243.0,4643.0,378.0,39,2.0,1.0,0.0,62850.0,3
2020,3,374,2.0,9,385.0,115.0,500,361,4069,367.0,130.0,1248.0,4400,1541.0,984,6925,2449,365,308,71,0,7.0,5.0,93.0,18.0,1720,11961,1114,1210,394.0,1139.0,180.0,6752,10789,0.0,99.0,16.0,3086.0,1469,558.0,814.0,128.0,1526,2543.0,385.0,914.0,180.0,3243.0,272.0,16,0.0,2.0,0.0,49816.0,3
2020,4,312,5.0,5,322.0,179.0,501,324,2722,241.0,133.0,584.0,2533,984.0,489,4006,1846,337,169,56,2,4.0,1.0,53.0,13.0,1406,7893,922,283,105.0,305.0,106.0,4001,5722,0.0,95.0,9.0,2594.0,1436,428.0,918.0,123.0,1114,2452.0,410.0,544.0,2.0,2216.0,178.0,26,3.0,1.0,0.0,32814.0,3
2020,5,273,0.0,6,279.0,130.0,409,291,2429,261.0,130.0,684.0,2451,942.0,420,3813,1586,455,169,46,2,8.0,2.0,44.0,5.0,1185,7315,904,255,108.0,356.0,84.0,4266,5973,0.0,85.0,7.0,3572.0,1581,535.0,935.0,140.0,991,2169.0,314.0,687.0,6.0,2301.0,181.0,16,4.0,0.0,1.0,35003.0,3
2020,6,259,2.0,2,263.0,34.0,297,307,3156,394.0,143.0,882.0,2849,951.0,580,4380,1743,404,199,38,0,5.0,8.0,49.0,15.0,1079,7920,954,331,172.0,371.0,80.0,4797,6705,0.0,93.0,12.0,5210.0,1502,592.0,818.0,131.0,1060,2145.0,308.0,763.0,8.0,2827.0,210.0,20,1.0,3.0,0.0,41912.0,3
2020,7,257,4.0,7,268.0,52.0,320,377,3934,382.0,165.0,1526.0,3848,1345.0,846,6039,1817,544,228,77,0,6.0,16.0,72.0,13.0,1362,10174,1061,582,257.0,630.0,103.0,5852,8485,0.0,133.0,13.0,6058.0,1844,822.0,895.0,160.0,1207,2612.0,345.0,1331.0,12.0,3660.0,238.0,18,3.0,1.0,0.0,51242.0,3
2020,8,261,2.0,12,275.0,51.0,326,354,4213,459.0,162.0,1702.0,3481,1252.0,659,5392,1791,415,243,42,2,5.0,4.0,74.0,15.0,1190,9173,1107,702,343.0,746.0,129.0,5755,8782,0.0,118.0,3.0,4592.0,2050,1009.0,917.0,172.0,1283,2915.0,343.0,1512.0,35.0,4102.0,275.0,29,4.0,0.0,2.0,50348.0,3
2020,9,239,3.0,7,249.0,54.0,303,343,4560,481.0,171.0,1675.0,3567,1319.0,582,5468,1742,323,294,61,0,4.0,2.0,57.0,27.0,1146,9124,1065,698,379.0,823.0,132.0,5888,8985,1.0,105.0,5.0,4086.0,1984,974.0,890.0,150.0,1173,2497.0,455.0,1059.0,37.0,4094.0,297.0,22,1.0,0.0,0.0,48732.0,3
2020,10,277,2.0,5,284.0,145.0,429,404,4601,452.0,175.0,1834.0,3971,1277.0,768,6016,1898,357,290,49,0,0.0,6.0,52.0,15.0,1240,9923,1058,813,431.0,1005.0,157.0,5866,9330,0.0,105.0,11.0,4593.0,2019,972.0,910.0,173.0,1212,2787.0,369.0,993.0,37.0,4194.0,297.0,24,4.0,2.0,0.0,50772.0,3
2020,11,325,2.0,8,335.0,81.0,416,401,4619,467.0,183.0,1769.0,3763,1301.0,707,5771,2082,331,273,71,1,2.0,7.0,64.0,12.0,1294,9908,1052,837,395.0,1017.0,148.0,5402,8851,1.0,107.0,7.0,3723.0,1738,803.0,820.0,147.0,1273,2629.0,381.0,642.0,37.0,4055.0,316.0,19,3.0,1.0,1.0,47940.0,3
2020,12,283,3.0,8,294.0,84.0,378,321,4666,424.0,192.0,1651.0,3542,1272.0,712,5526,2300,459,324,75,0,4.0,6.0,68.0,24.0,1369,10155,1111,807,318.0,1018.0,157.0,5509,8920,0.0,112.0,5.0,3541.0,1709,784.0,827.0,133.0,1190,2673.0,360.0,906.0,40.0,4116.0,308.0,20,0.0,1.0,1.0,47841.0,3
2021,1,368,3.0,12,383.0,148.0,531,477,5322,469.0,175.0,1659.0,4002,1410.0,1023,6435,2332,363,296,91,0,10.0,6.0,72.0,41.0,1412,11058,1183,850,355.0,1100.0,160.0,5704,9352,0.0,114.0,5.0,3905.0,1823,796.0,909.0,153.0,1303,2924.0,444.0,808.0,50.0,4857.0,382.0,35,4.0,0.0,0.0,52352.0,3
2021,2,246,4.0,12,262.0,148.0,410,333,4489,413.0,158.0,1487.0,3963,1336.0,973,6272,2171,351,325,80,0,10.0,7.0,53.0,26.0,1342,10637,1158,735,366.0,1023.0,140.0,5630,9052,0.0,117.0,10.0,4185.0,1664,681.0,875.0,136.0,1232,2860.0,353.0,820.0,34.0,4121.0,293.0,24,5.0,2.0,0.0,49018.0,3
2021,3,314,7.0,8,329.0,158.0,487,412,4728,430.0,154.0,1639.0,3912,1363.0,1047,6322,2365,397,347,91,0,10.0,8.0,76.0,17.0,1601,11234,1141,781,389.0,968.0,184.0,6010,9473,1.0,141.0,14.0,5306.0,1922,801.0,985.0,178.0,1423,3110.0,389.0,1069.0,35.0,4535.0,328.0,23,2.0,2.0,0.0,54306.0,3
2021,4,305,5.0,7,317.0,143.0,460,336,3979,412.0,156.0,1409.0,3302,1116.0,967,5385,2105,395,303,103,0,5.0,4.0,53.0,15.0,1308,9676,1141,611,393.0,795.0,151.0,5217,8308,0.0,129.0,3.0,4861.0,1848,790.0,903.0,174.0,1253,2796.0,381.0,879.0,27.0,3889.0,277.0,19,6.0,0.0,0.0,47796.0,3
2021,5,266,3.0,7,276.0,112.0,388,339,4003,431.0,165.0,1478.0,3517,1238.0,858,5613,2002,390,309,71,2,7.0,11.0,68.0,14.0,1284,9771,1186,749,406.0,919.0,158.0,5495,8913,2.0,135.0,6.0,5532.0,1894,859.0,911.0,152.0,1135,2764.0,321.0,970.0,43.0,4025.0,287.0,29,2.0,0.0,0.0,49919.0,3
2021,6,234,7.0,2,243.0,97.0,340,334,3764,351.0,144.0,1410.0,3319,1240.0,892,5451,1899,387,274,81,2,9.0,3.0,72.0,15.0,1273,9466,1124,740,456.0,1058.0,153.0,5714,9245,0.0,143.0,16.0,5514.0,1872,829.0,912.0,176.0,1108,2753.0,335.0,997.0,35.0,3949.0,326.0,21,3.0,0.0,0.0,49980.0,3
2021,7,250,2.0,6,258.0,100.0,358,314,4036,412.0,151.0,1643.0,3639,1325.0,846,5810,2123,360,263,74,1,7.0,4.0,45.0,20.0,1224,9931,1219,872,462.0,1136.0,152.0,5424,9265,0.0,145.0,8.0,5691.0,1699,738.0,816.0,173.0,1086,2711.0,324.0,1004.0,37.0,4062.0,334.0,18,1.0,0.0,0.0,51304.0,3
2021,8,259,1.0,12,272.0,114.0,386,321,4175,427.0,146.0,1555.0,3469,1182.0,776,5427,2120,394,281,82,2,12.0,5.0,62.0,14.0,1185,9584,1252,872,498.0,1284.0,151.0,5524,9581,0.0,136.0,13.0,6412.0,1817,832.0,858.0,161.0,1120,2879.0,349.0,1121.0,48.0,4455.0,327.0,19,6.0,1.0,0.0,52580.0,3
2021,9,267,2.0,12,281.0,77.0,358,275,4174,444.0,149.0,1454.0,3469,1173.0,672,5314,1998,391,236,76,0,9.0,3.0,43.0,19.0,1146,9235,1181,827,440.0,1191.0,159.0,5543,9341,0.0,152.0,8.0,5956.0,1884,848.0,895.0,174.0,1171,2824.0,326.0,953.0,43.0,4209.0,367.0,16,0.0,0.0,0.0,51265.0,3
2021,10,271,4.0,11,286.0,120.0,406,316,4182,459.0,153.0,1465.0,3122,1223.0,637,4982,1889,322,208,93,0,5.0,3.0,51.0,9.0,1102,8664,1206,753,364.0,1227.0,163.0,5419,9132,0.0,139.0,9.0,5557.0,1902,843.0,886.0,201.0,1037,2734.0,336.0,843.0,58.0,4016.0,347.0,20,4.0,1.0,1.0,49252.0,3
2021,11,233,3.0,15,251.0,82.0,333,240,4389,465.0,157.0,1511.0,3162,1141.0,558,4861,1616,360,233,87,1,8.0,7.0,39.0,15.0,1010,8237,1328,1021,516.0,1679.0,197.0,5946,10687,0.0,159.0,11.0,7379.0,1771,825.0,797.0,169.0,961,2714.0,337.0,955.0,60.0,4019.0,368.0,25,5.0,1.0,0.0,52675.0,3
2021,12,240,2.0,6,248.0,57.0,305,282,4489,397.0,167.0,1532.0,2940,1044.0,639,4623,1712,413,236,81,2,9.0,3.0,51.0,12.0,1008,8150,1309,1175,568.0,1956.0,225.0,7040,12273,0.0,143.0,10.0,10847.0,1586,717.0,731.0,164.0,873,2550.0,290.0,778.0,37.0,4155.0,407.0,27,3.0,2.0,0.0,60110.0,3
2022,1,254,5.0,5,264.0,100.0,364,307,4945,433.0,127.0,1271.0,3343,1214.0,554,5111,1864,360,207,59,1,8.0,3.0,47.0,26.0,992,8678,1319,1148,552.0,1956.0,241.0,6758,11974,0.0,207.0,16.0,10271.0,1745,771.0,825.0,177.0,989,2638.0,346.0,762.0,34.0,4447.0,427.0,25,4.0,1.0,0.0,60526.0,3
2022,2,255,2.0,4,261.0,101.0,362,293,4614,420.0,163.0,1402.0,3102,1134.0,562,4798,1770,318,229,50,1,8.0,8.0,50.0,9.0,991,8232,1298,1243,606.0,2165.0,238.0,6646,12196,0.0,170.0,13.0,9742.0,1736,771.0,818.0,174.0,1008,2776.0,351.0,786.0,51.0,4349.0,586.0,133,1.0,0.0,0.0,59922.0,3
2022,3,267,1.0,5,273.0,140.0,413,335,5523,531.0,160.0,1758.0,3531,1392.0,595,5518,2153,340,239,75,0,6.0,3.0,38.0,15.0,1090,9477,1575,1479,629.0,2676.0,330.0,8255,14944,0.0,134.0,14.0,11079.0,1915,885.0,854.0,205.0,1059,3061.0,427.0,968.0,57.0,5159.0,416.0,26,3.0,1.0,1.0,69375.0,3
2022,4,270,2.0,2,274.0,89.0,363,266,4729,409.0,145.0,1565.0,3412,1314.0,546,5272,1966,322,197,66,0,3.0,3.0,39.0,10.0,1016,8894,1442,1583,620.0,2662.0,289.0,7435,14031,0.0,158.0,13.0,9905.0,1778,861.0,809.0,138.0,979,2799.0,334.0,799.0,44.0,4643.0,368.0,29,2.0,1.0,0.0,63544.0,3
2022,5,212,1.0,4,217.0,140.0,357,337,4438,509.0,156.0,1779.0,3341,1232.0,586,5159,2078,289,194,65,0,7.0,5.0,36.0,18.0,1016,8867,1388,1221,782.0,2315.0,277.0,7893,13876,0.0,174.0,20.0,11243.0,1732,668.0,913.0,181.0,1123,2966.0,317.0,1035.0,63.0,4595.0,390.0,36,3.0,1.0,0.0,65785.0,3
2022,6,227,2.0,8,237.0,79.0,316,295,4066,440.0,127.0,1695.0,3218,1383.0,695,5296,1876,281,231,67,3,6.0,5.0,43.0,16.0,964,8788,1371,1133,738.0,2139.0,222.0,7208,12811,0.0,169.0,20.0,10420.0,1598,662.0,814.0,146.0,1129,2768.0,300.0,1060.0,69.0,4045.0,415.0,29,4.0,1.0,1.0,61521.0,3
2022,7,297,2.0,5,304.0,141.0,445,271,4691,512.0,182.0,1835.0,3375,1482.0,541,5398,2014,273,186,63,1,4.0,5.0,46.0,10.0,1043,9043,1397,1268,665.0,2500.0,303.0,7585,13718,0.0,151.0,9.0,10526.0,1754,809.0,791.0,183.0,1121,2971.0,363.0,1059.0,69.0,4557.0,436.0,26,1.0,2.0,0.0,65196.0,3
2022,8,215,4.0,6,225.0,140.0,365,327,4769,497.0,180.0,1760.0,3381,1460.0,526,5367,2046,361,216,77,0,5.0,12.0,37.0,14.0,1064,9199,1392,1242,768.0,2411.0,251.0,7625,13689,0.0,167.0,27.0,11560.0,1725,735.0,845.0,176.0,1138,2972.0,363.0,1149.0,79.0,5064.0,462.0,36,2.0,1.0,0.0,68627.0,3
2022,9,265,6.0,2,273.0,87.0,360,263,4621,473.0,165.0,1661.0,3183,1458.0,666,5307,2205,348,208,74,1,5.0,4.0,48.0,11.0,1083,9294,1396,1251,718.0,3466.0,241.0,7572,14644,0.0,194.0,9.0,10450.0,1683,834.0,741.0,143.0,1089,2933.0,332.0,944.0,76.0,4681.0,399.0,27,2.0,0.0,0.0,65862.0,3
2022,10,289,4.0,11,304.0,101.0,405,303,5633,525.0,164.0,1799.0,3069,1462.0,553,5084,2448,397,187,62,0,4.0,2.0,35.0,16.0,1123,9358,1408,1212,666.0,2709.0,224.0,7336,13555,0.0,272.0,15.0,9221.0,1578,771.0,695.0,130.0,1230,2943.0,445.0,844.0,78.0,5081.0,461.0,37,2.0,4.0,0.0,65802.0,3
2022,11,261,2.0,9,272.0,114.0,386,294,4516,448.0,165.0,1506.0,3085,1295.0,490,4870,2536,450,200,70,0,7.0,7.0,35.0,12.0,1147,9334,1465,1225,639.0,2480.0,218.0,7080,13107,0.0,205.0,24.0,9403.0,1546,736.0,711.0,122.0,1281,2554.0,373.0,832.0,80.0,4521.0,420.0,27,1.0,3.0,0.0,62300.0,3
2022,12,247,1.0,3,251.0,98.0,349,280,5081,430.0,160.0,1687.0,3028,1367.0,517,4912,2242,490,220,90,0,3.0,7.0,52.0,10.0,1203,9229,1413,1132,667.0,2537.0,243.0,7552,13544,0.0,302.0,18.0,10021.0,1851,805.0,922.0,146.0,1064,2850.0,330.0,747.0,89.0,4761.0,475.0,29,2.0,2.0,0.0,65435.0,3
2023,1,260,4.0,7,271.0,104.0,375,314,5085,496.0,158.0,1642.0,2920,1230.0,501,4651,1813,312,175,73,0,7.0,6.0,49.0,16.0,945,8047,1409,1515,629.0,2747.0,260.0,7753,14313,0.0,301.0,8.0,10876.0,1799,805.0,866.0,157.0,1206,3123.0,367.0,843.0,60.0,5172.0,501.0,39,0.0,0.0,0.0,67884.0,3
2023,2,305,4.0,4,313.0,98.0,411,296,5480,410.0,137.0,1652.0,2733,1102.0,376,4211,1578,306,138,63,0,3.0,5.0,27.0,10.0,787,7128,1297,2002,508.0,3475.0,259.0,6864,14405,0.0,239.0,10.0,8518.0,1596,738.0,737.0,156.0,1047,2849.0,320.0,864.0,92.0,5039.0,521.0,31,3.0,2.0,0.0,63730.0,3
2023,3,343,5.0,7,355.0,122.0,477,350,5660,536.0,170.0,1941.0,2897,1251.0,487,4635,2309,485,158,97,0,5.0,3.0,43.0,13.0,978,8726,1648,1341,650.0,2484.0,329.0,7698,14150,0.0,287.0,11.0,11161.0,1984,903.0,910.0,201.0,1379,3389.0,390.0,1234.0,126.0,6246.0,563.0,31,4.0,2.0,0.0,74212.0,3
2023,4,278,5.0,6,289.0,90.0,379,275,4855,443.0,144.0,1806.0,2493,1125.0,392,4010,2241,409,164,76,0,4.0,4.0,39.0,13.0,909,7869,1444,1054,614.0,2206.0,285.0,6953,12556,0.0,200.0,10.0,8937.0,2007,950.0,884.0,198.0,1260,3230.0,418.0,896.0,102.0,5569.0,460.0,26,1.0,2.0,0.0,64184.0,2
2023,5,296,1.0,10,307.0,66.0,373,333,4773,458.0,176.0,2005.0,2582,1324.0,488,4394,2380,362,192,91,0,8.0,2.0,28.0,12.0,1072,8546,1451,1137,782.0,2443.0,349.0,7656,13818,0.0,238.0,9.0,10117.0,2243,1204.0,889.0,183.0,1627,3749.0,343.0,1042.0,116.0,5205.0,447.0,29,1.0,0.0,0.0,70787.0,2
2023,6,250,3.0,2,255.0,89.0,344,251,4405,462.0,154.0,1911.0,2374,1268.0,509,4151,1810,237,164,74,0,3.0,5.0,27.0,18.0,868,7428,1333,1091,669.0,2309.0,250.0,7128,12780,0.0,247.0,15.0,9186.0,1887,892.0,873.0,156.0,1316,3153.0,382.0,1059.0,122.0,4885.0,408.0,20,1.0,2.0,0.0,64055.0,2
