,Date,Open,High,Low,Close,Adj Close,Volume,MA50,MA200,Previous day close price,Change in price,Percent change in price,Previous day volume,Change in volume,Percent change in volume
0,2021-10-15,18.5,20.1,17.802,19.704,19.704,3865543.0,,,,,,,,
1,2021-10-18,21.5,22.209999,20.495001,21.889999,21.889999,1085944.0,,,19.704,2.185998999999999,0.11094188997157928,3865543.0,-2779599.0,-0.7190707747915364
2,2021-10-19,22.219999,22.5,20.049999,20.705,20.705,970307.0,,,21.889999,-1.1849990000000012,-0.05413426469320537,1085944.0,-115637.0,-0.10648523312435998
3,2021-10-20,21.049999,21.799999,20.870001,21.780001,21.780001,328775.0,,,20.705,1.0750010000000003,0.05191987442646706,970307.0,-641532.0,-0.6611639408970562
4,2021-10-21,21.9,22.0,21.754999,21.889999,21.889999,243208.0,,,21.780001,0.10999800000000093,0.005050412991257414,328775.0,-85567.0,-0.26026005626948523
5,2021-10-22,22.0,22.08,21.85,21.85,21.85,259024.0,,,21.889999,-0.03999899999999812,-0.0018272728107479042,243208.0,15816.0,0.06503075556725113
6,2021-10-25,22.014999,22.049999,21.23,21.25,21.25,118559.0,,,21.85,-0.6000000000000014,-0.027459954233409634,259024.0,-140465.0,-0.5422856569275434
7,2021-10-26,21.23,21.950001,21.23,21.75,21.75,126022.0,,,21.25,0.5,0.0235294117647058,118559.0,7463.0,0.06294756197336349
8,2021-10-27,21.85,21.85,21.110001,21.125,21.125,141171.0,,,21.75,-0.625,-0.028735632183908066,126022.0,15149.0,0.12020916982749053
9,2021-10-28,21.35,21.5,20.799999,20.950001,20.950001,94631.0,,,21.125,-0.17499899999999968,-0.00828397633136091,141171.0,-46540.0,-0.32967110808877176
10,2021-10-29,21.0,21.0,20.025,20.16,20.16,181519.0,,,20.950001,-0.7900010000000002,-0.037708876481676534,94631.0,86888.0,0.918176918768691
11,2021-11-01,20.48,21.5,20.18,21.4,21.4,98524.0,,,20.16,1.2399999999999984,0.06150793650793651,181519.0,-82995.0,-0.4572248635129105
12,2021-11-02,21.5,21.5,20.799999,21.370001,21.370001,62945.0,,,21.4,-0.02999900000000011,-0.0014018224299064963,98524.0,-35579.0,-0.36112013316552316
13,2021-11-03,21.424999,21.65,21.315001,21.495001,21.495001,95880.0,,,21.370001,0.125,0.005849321204991931,62945.0,32935.0,0.5232345698625784
14,2021-11-04,21.549999,21.629999,21.01,21.135,21.135,102253.0,,,21.495001,-0.3600009999999969,-0.016748126692341048,95880.0,6373.0,0.06646850229453483
15,2021-11-05,21.215,21.455,20.530001,20.809999,20.809999,137768.0,,,21.135,-0.3250010000000003,-0.01537738348710671,102253.0,35515.0,0.3473247728672997
16,2021-11-08,21.0,21.065001,20.725,20.885,20.885,71047.0,,,20.809999,0.07500100000000032,0.0036040847479137383,137768.0,-66721.0,-0.48429969223622327
17,2021-11-09,20.764999,21.0,20.18,20.254999,20.254999,108537.0,,,20.885,-0.630001,-0.030165238209241108,71047.0,37490.0,0.5276788604726448
18,2021-11-10,20.254999,20.75,20.254999,20.485001,20.485001,68354.0,,,20.254999,0.23000199999999893,0.011355320234772703,108537.0,-40183.0,-0.3702239789196311
19,2021-11-11,20.459999,20.65,20.355,20.4,20.4,37719.0,,,20.485001,-0.08500100000000188,-0.004149426207008866,68354.0,-30635.0,-0.44818152558738333
20,2021-11-12,20.455,20.915001,20.4,20.915001,20.915001,47038.0,,,20.4,0.5150010000000016,0.025245147058823525,37719.0,9319.0,0.24706381399294775
21,2021-11-15,20.450001,20.450001,20.254999,20.299999,20.299999,133207.0,,,20.915001,-0.6150020000000005,-0.02940482766412489,47038.0,86169.0,1.8319018665759597
22,2021-11-16,20.299999,21.299999,20.25,21.299999,21.299999,250443.0,,,20.299999,1.0,0.04926108617049696,133207.0,117236.0,0.8801038984437755
23,2021-11-17,21.299999,21.4,21.0,21.315001,21.315001,69069.0,,,21.299999,0.015001999999999072,0.0007043192818929622,250443.0,-181374.0,-0.7242126951042752
24,2021-11-18,21.35,21.370001,20.98,21.35,21.35,106193.0,,,21.315001,0.03499900000000267,0.0016419891324426228,69069.0,37124.0,0.5374914940132332
25,2021-11-19,21.254999,21.33,20.85,20.9,20.9,48014.0,,,21.35,-0.45000000000000284,-0.021077283372365474,106193.0,-58179.0,-0.5478609701204411
26,2021-11-22,20.9,21.0,20.4,20.43,20.43,60632.0,,,20.9,-0.46999999999999886,-0.02248803827751189,48014.0,12618.0,0.2627983504811098
27,2021-11-23,20.299999,20.42,19.6,20.0,20.0,234413.0,,,20.43,-0.4299999999999997,-0.02104747919725891,60632.0,173781.0,2.8661597836126136
28,2021-11-24,20.299999,21.049999,20.26,20.5,20.5,138671.0,,,20.0,0.5,0.02499999999999991,234413.0,-95742.0,-0.40843297939960665
29,2021-11-25,20.799999,20.959999,20.25,20.485001,20.485001,86712.0,,,20.5,-0.01499899999999954,-0.0007316585365853001,138671.0,-51959.0,-0.3746926177787714
30,2021-11-26,20.1,20.6,19.875999,20.504999,20.504999,203225.0,,,20.485001,0.01999800000000107,0.0009762264595447601,86712.0,116513.0,1.343677922317557
31,2021-11-29,20.34,20.65,20.18,20.440001,20.440001,102711.0,,,20.504999,-0.06499800000000278,-0.0031698611640996743,203225.0,-100514.0,-0.494594661089925
32,2021-11-30,20.34,20.525,20.139999,20.315001,20.315001,131570.0,,,20.440001,-0.125,-0.006115459583392435,102711.0,28859.0,0.28097282666900325
33,2021-12-01,20.495001,20.889999,20.219999,20.77,20.77,69557.0,,,20.315001,0.4549990000000008,0.022397193088988798,131570.0,-62013.0,-0.47133085049783385
34,2021-12-02,20.535,20.77,20.325001,20.75,20.75,49736.0,,,20.77,-0.019999999999999574,-0.000962927298988947,69557.0,-19821.0,-0.2849605359633106
35,2021-12-03,20.75,21.280001,20.549999,21.049999,21.049999,130543.0,,,20.75,0.2999989999999997,0.0144577831325301,49736.0,80807.0,1.624718513752614
36,2021-12-06,21.1,21.809999,21.1,21.6,21.6,115810.0,,,21.049999,0.5500010000000017,0.02612831478044253,130543.0,-14733.0,-0.11285936434737975
37,2021-12-07,21.684999,21.9,21.200001,21.4,21.4,86908.0,,,21.6,-0.20000000000000284,-0.009259259259259411,115810.0,-28902.0,-0.2495639409377428
38,2021-12-08,21.445,21.540001,21.27,21.34,21.34,46414.0,,,21.4,-0.05999999999999872,-0.002803738317756932,86908.0,-40494.0,-0.465940995075252
39,2021-12-09,21.379999,21.6,21.25,21.465,21.465,61827.0,,,21.34,0.125,0.005857544517338331,46414.0,15413.0,0.3320765286336018
40,2021-12-10,21.4,21.9,21.355,21.525,21.525,70089.0,,,21.465,0.05999999999999872,0.002795248078266921,61827.0,8262.0,0.13363093793973513
41,2021-12-13,21.9,22.0,21.639999,21.9,21.9,116843.0,,,21.525,0.375,0.017421602787456525,70089.0,46754.0,0.6670661587410294
42,2021-12-14,21.950001,21.99,20.950001,20.959999,20.959999,109603.0,,,21.9,-0.9400009999999988,-0.04292242009132419,116843.0,-7240.0,-0.06196348946877439
43,2021-12-15,21.0,21.200001,20.469999,20.665001,20.665001,87889.0,,,20.959999,-0.29499799999999965,-0.014074332732553985,109603.0,-21714.0,-0.19811501509995166
44,2021-12-16,21.1,21.535,20.865,20.969999,20.969999,112370.0,,,20.665001,0.3049980000000012,0.014759157282402402,87889.0,24481.0,0.2785445277566021
45,2021-12-17,21.084999,21.275,20.549999,21.155001,21.155001,54948.0,,,20.969999,0.18500199999999722,0.008822222642928867,112370.0,-57422.0,-0.5110082762303105
46,2021-12-20,21.16,21.65,20.635,21.57,21.57,71925.0,,,21.155001,0.41499900000000167,0.019617063596451878,54948.0,16977.0,0.3089648394846036
47,2021-12-21,21.799999,21.975,21.41,21.735001,21.735001,60815.0,,,21.57,0.16500100000000018,0.00764955957348179,71925.0,-11110.0,-0.15446645811609316
48,2021-12-22,21.799999,23.25,21.799999,23.25,23.25,260280.0,,,21.735001,1.5149989999999995,0.06970319440058925,60815.0,199465.0,3.2798651648441997
49,2021-12-23,23.290001,23.9,22.85,23.584999,23.584999,159107.0,21.11468004,,23.25,0.3349989999999998,0.014408559139784893,260280.0,-101173.0,-0.3887083141232519
50,2021-12-24,23.799999,23.799999,23.25,23.445,23.445,24917.0,21.189500040000002,,23.584999,-0.13999899999999954,-0.005935934107947127,159107.0,-134190.0,-0.8433946966506816
51,2021-12-27,23.450001,23.700001,23.26,23.700001,23.700001,77663.0,21.225700080000003,,23.445,0.25500100000000003,0.01087656216677324,24917.0,52746.0,2.1168680017658628
52,2021-12-28,23.700001,24.440001,23.360001,24.32,24.32,196947.0,21.298000079999998,,23.700001,0.619999,0.02616029425484001,77663.0,119284.0,1.535918004712669
53,2021-12-29,24.32,25.334999,24.0,24.799999,24.799999,281129.0,21.358400040000003,,24.32,0.4799989999999994,0.019736800986842162,196947.0,84182.0,0.4274347921014283
54,2021-12-30,24.889999,24.995001,24.41,24.48,24.48,90854.0,21.41020006,,24.799999,-0.31999899999999926,-0.012903186004160738,281129.0,-190275.0,-0.676824518281643
55,2021-12-31,24.35,25.4,24.35,25.4,25.4,65765.0,21.481200059999995,,24.48,0.9199999999999982,0.037581699346405095,90854.0,-25089.0,-0.2761463446848791
56,2022-01-03,25.934999,28.200001,25.635,27.594999,27.594999,512928.0,21.60810004,,25.4,2.194999000000003,0.08641728346456712,65765.0,447163.0,6.799406979396336
57,2022-01-04,28.09,28.115,26.5,26.815001,26.815001,373357.0,21.709400059999997,,27.594999,-0.7799980000000026,-0.02826591876303397,512928.0,-139571.0,-0.2721064164951026
58,2022-01-05,26.639999,26.690001,25.42,25.91,25.91,275305.0,21.80510006,,26.815001,-0.9050009999999986,-0.03374980295544272,373357.0,-98052.0,-0.26262263731495594
59,2022-01-06,25.299999,25.809999,24.655001,25.014999,25.014999,218342.0,21.88640002,,25.91,-0.8950010000000006,-0.03454268622153611,275305.0,-56963.0,-0.20690870125860406
60,2022-01-07,24.905001,25.195,23.73,23.955,23.955,227032.0,21.962300019999997,,25.014999,-1.0599990000000012,-0.042374536972797805,218342.0,8690.0,0.03979994687233779
61,2022-01-10,24.25,25.0,24.205,24.785,24.785,254656.0,22.030000020000003,,23.955,0.8300000000000018,0.03464829889375931,227032.0,27624.0,0.12167447760668093
62,2022-01-11,25.0,25.25,24.315001,24.465,24.465,129347.0,22.0919,,24.785,-0.3200000000000003,-0.012911034900141227,254656.0,-125309.0,-0.49207165745162096
63,2022-01-12,25.9,26.27,25.209999,25.58,25.58,426975.0,22.17359998,,24.465,1.1149999999999984,0.045575311669732166,129347.0,297628.0,2.3010042753214224
64,2022-01-13,25.940001,26.764999,25.254999,26.5,26.5,393790.0,22.28089998,,25.58,0.9200000000000017,0.03596559812353406,426975.0,-33185.0,-0.07772117805492129
65,2022-01-14,26.105,26.700001,25.245001,25.334999,25.334999,147284.0,22.37139998,,26.5,-1.1650010000000002,-0.04396230188679251,393790.0,-246506.0,-0.6259833921633358
66,2022-01-17,25.514999,26.165001,25.379999,25.379999,25.379999,94280.0,22.46129996,,25.334999,0.045000000000001705,0.0017761990043891895,147284.0,-53004.0,-0.35987615762744085
67,2022-01-18,25.700001,27.0,25.299999,26.995001,26.995001,274160.0,22.5961,,25.379999,1.615001999999997,0.06363286302729954,94280.0,179880.0,1.9079338141705557
68,2022-01-19,27.0,27.65,26.58,27.299999,27.299999,253649.0,22.73239996,,26.995001,0.3049980000000012,0.01129831408415205,274160.0,-20511.0,-0.07481397723956817
69,2022-01-20,27.5,27.5,26.360001,26.405001,26.405001,172320.0,22.852499979999997,,27.299999,-0.8949980000000011,-0.03278381072468173,253649.0,-81329.0,-0.32063599698796363
70,2022-01-21,26.280001,26.59,25.35,25.545,25.545,225247.0,22.945099960000004,,26.405001,-0.8600009999999969,-0.03256962573112554,172320.0,52927.0,0.3071436861652739
71,2022-01-24,25.32,25.379999,23.83,23.965,23.965,378364.0,23.018399979999998,,25.545,-1.5800000000000018,-0.06185163437071839,225247.0,153117.0,0.6797737594729341
72,2022-01-25,24.495001,25.125,24.129999,24.129999,24.129999,213724.0,23.074999979999998,,23.965,0.16499900000000167,0.0068849989568120495,378364.0,-164640.0,-0.43513653518833717
73,2022-01-26,24.325001,25.1,24.325001,24.434999,24.434999,183137.0,23.13739994,,24.129999,0.3049999999999997,0.012639867908821767,213724.0,-30587.0,-0.14311448410099004
74,2022-01-27,24.355,24.639999,23.594999,23.594999,23.594999,261529.0,23.182299920000002,,24.434999,-0.8399999999999999,-0.034376919761690994,183137.0,78392.0,0.42805113112041804
75,2022-01-28,23.625,23.879999,23.200001,23.525,23.525,233284.0,23.23479992,,23.594999,-0.06999900000000281,-0.0029666879833307735,261529.0,-28245.0,-0.1079994952758585
76,2022-01-31,24.02,24.02,23.084999,23.700001,23.700001,266033.0,23.30019994,,23.525,0.17500100000000174,0.007438937300743964,233284.0,32749.0,0.1403825380223247
77,2022-02-01,24.195,24.605,23.855,24.35,24.35,148958.0,23.387199939999995,,23.700001,0.6499990000000011,0.027426116986239757,266033.0,-117075.0,-0.4400769829306891
78,2022-02-02,24.605,24.77,23.575001,23.575001,23.575001,164678.0,23.44869996,,24.35,-0.7749990000000011,-0.031827474332648875,148958.0,15720.0,0.10553310329086041
79,2022-02-03,23.745001,23.955,23.174999,23.315001,23.315001,135904.0,23.50529996,,23.575001,-0.26000000000000156,-0.011028631557640334,164678.0,-28774.0,-0.1747288648149723
80,2022-02-04,23.370001,23.545,22.549999,23.094999,23.094999,246983.0,23.557099959999995,,23.315001,-0.22000199999999737,-0.009436070794077933,135904.0,111079.0,0.8173342947963269
81,2022-02-07,23.4,24.219999,22.41,23.875,23.875,284006.0,23.625799939999997,,23.094999,0.7800009999999986,0.03377358881894721,246983.0,37023.0,0.14990100533235085
82,2022-02-08,24.0,24.0,22.764999,22.799999,22.799999,179918.0,23.6754999,,23.875,-1.0750010000000003,-0.04502621989528799,284006.0,-104088.0,-0.3664992993105779
83,2022-02-09,22.969999,23.360001,22.67,22.950001,22.950001,211607.0,23.719099919999998,,22.799999,0.15000200000000063,0.006579035376273579,179918.0,31689.0,0.17613023710801579
84,2022-02-10,23.035,23.17,22.305,22.959999,22.959999,220888.0,23.763299900000003,,22.950001,0.009997999999999507,0.0004356426825427029,211607.0,9281.0,0.04385960766893349
85,2022-02-11,22.889999,23.16,22.639999,22.834999,22.834999,117390.0,23.7989999,,22.959999,-0.125,-0.005444251108199127,220888.0,-103498.0,-0.46855419941327736
86,2022-02-14,22.43,23.094999,21.83,23.040001,23.040001,328924.0,23.827799920000004,,22.834999,0.20500200000000035,0.008977534879681892,117390.0,211534.0,1.801976318255388
87,2022-02-15,23.049999,23.875,23.035,23.674999,23.674999,145639.0,23.873299899999996,,23.040001,0.6349979999999995,0.02756067588712341,328924.0,-183285.0,-0.5572259853339981
88,2022-02-16,23.799999,23.98,22.934999,23.035,23.035,136744.0,23.907199900000002,,23.674999,-0.6399989999999995,-0.02703269385565754,145639.0,-8895.0,-0.061075673411654874
89,2022-02-17,23.0,23.299999,22.860001,22.975,22.975,93010.0,23.9373999,,23.035,-0.05999999999999872,-0.002604731929672144,136744.0,-43734.0,-0.3198239045223191
90,2022-02-18,22.905001,23.235001,22.715,22.885,22.885,133630.0,23.964599900000003,,22.975,-0.08999999999999986,-0.00391730141458102,93010.0,40620.0,0.43672723363079236
91,2022-02-21,23.0,23.004999,22.040001,22.275,22.275,120787.0,23.9720999,,22.885,-0.610000000000003,-0.026655014201442118,133630.0,-12843.0,-0.09610865823542614
92,2022-02-22,21.790001,22.825001,21.309999,22.535,22.535,188591.0,24.003599920000003,,22.275,0.26000000000000156,0.01167227833894513,120787.0,67804.0,0.5613518011044234
93,2022-02-23,22.775,22.889999,21.93,21.93,21.93,99622.0,24.028899899999995,,22.535,-0.6050000000000004,-0.026847126691812773,188591.0,-88969.0,-0.471756340440424
94,2022-02-24,20.629999,21.725,20.4,21.620001,21.620001,232919.0,24.041899939999997,,21.93,-0.30999900000000125,-0.014135841313269504,99622.0,133297.0,1.33802774487563
95,2022-02-25,22.105,22.485001,21.605,22.26,22.26,130643.0,24.06399992,,21.620001,0.6399990000000031,0.029602172543840455,232919.0,-102276.0,-0.4391054400886145
96,2022-02-28,21.620001,22.465,21.620001,22.465,22.465,79775.0,24.08189992,,22.26,0.2049999999999983,0.009209344115004514,130643.0,-50868.0,-0.3893664413707585
97,2022-03-01,22.450001,22.495001,21.415001,21.42,21.42,157564.0,24.0755999,,22.465,-1.0449999999999982,-0.046516803917204474,79775.0,77789.0,0.9751049827640239
98,2022-03-02,21.235001,22.225,20.9,21.92,21.92,112129.0,24.0489999,,21.42,0.5,0.023342670401493848,157564.0,-45435.0,-0.2883590160188876
99,2022-03-03,22.049999,22.434999,21.5,21.5,21.5,103694.0,24.00729992,,21.92,-0.4200000000000017,-0.019160583941605913,112129.0,-8435.0,-0.0752258559337905
100,2022-03-04,21.450001,21.674999,20.559999,20.684999,20.684999,175175.0,23.952099899999997,,21.5,-0.8150009999999988,-0.037907023255813854,103694.0,71481.0,0.6893455744787549
101,2022-03-07,20.0,21.16,19.23,20.9,20.9,255155.0,23.89609988,,20.684999,0.21500099999999733,0.01039405416456618,175175.0,79980.0,0.4565719994291424
102,2022-03-08,20.549999,21.66,20.450001,20.709999,20.709999,180595.0,23.82389986,,20.9,-0.19000099999999875,-0.009090956937798933,255155.0,-74560.0,-0.292214536262272
103,2022-03-09,21.200001,22.545,21.174999,22.530001,22.530001,276352.0,23.7784999,,20.709999,1.8200019999999988,0.08788035190151389,180595.0,95757.0,0.5302306265400483
104,2022-03-10,22.674999,22.745001,21.68,21.889999,21.889999,95496.0,23.72669988,,22.530001,-0.6400019999999991,-0.02840665652877683,276352.0,-180856.0,-0.6544407132931913
105,2022-03-11,21.875,22.754999,21.875,22.219999,22.219999,59729.0,23.663099860000003,,21.889999,0.33000000000000185,0.01507537757311006,95496.0,-35767.0,-0.37453924771718183
106,2022-03-14,22.745001,22.950001,22.190001,22.76,22.76,121639.0,23.56639988,,22.219999,0.5400010000000002,0.024302476341245605,59729.0,61910.0,1.0365149257479618
107,2022-03-15,22.620001,22.805,22.190001,22.51,22.51,81605.0,23.48029986,,22.76,-0.25,-0.010984182776801354,121639.0,-40034.0,-0.32912141665090966
108,2022-03-16,22.799999,23.5,22.799999,23.26,23.26,112203.0,23.427299859999998,,22.51,0.75,0.033318525099955476,81605.0,30598.0,0.3749525151645119
109,2022-03-17,23.5,23.690001,23.094999,23.315001,23.315001,78851.0,23.3932999,,23.26,0.05500099999999719,0.0023646173688733896,112203.0,-33352.0,-0.2972469541812608
110,2022-03-18,23.584999,23.735001,23.24,23.735001,23.735001,112809.0,23.38889992,,23.315001,0.4200000000000017,0.018014153205483607,78851.0,33958.0,0.4306603594120557
111,2022-03-21,23.75,24.0,23.620001,23.950001,23.950001,82317.0,23.37219994,,23.735001,0.21499999999999986,0.009058352262129699,112809.0,-30492.0,-0.27029758263968295
112,2022-03-22,23.805,24.9,23.799999,24.665001,24.665001,225696.0,23.376199959999997,,23.950001,0.7149999999999999,0.02985386096643583,82317.0,143379.0,1.7417908815918945
113,2022-03-23,24.879999,24.985001,24.165001,24.195,24.195,149355.0,23.348499960000005,,24.665001,-0.4700009999999999,-0.0190553813478459,225696.0,-76341.0,-0.3382470225435985
114,2022-03-24,24.23,24.780001,24.23,24.555,24.555,74909.0,23.30959996,,24.195,0.35999999999999943,0.014879107253564783,149355.0,-74446.0,-0.49845000167386433
115,2022-03-25,23.77,23.77,22.155001,22.785,22.785,360206.0,23.25859998,,24.555,-1.7699999999999996,-0.07208307880268783,74909.0,285297.0,3.808581078375095
116,2022-03-28,23.045,23.450001,22.815001,23.200001,23.200001,132155.0,23.215000019999998,,22.785,0.4150010000000002,0.01821378099626947,360206.0,-228051.0,-0.6331127188331122
117,2022-03-29,23.82,24.295,23.424999,24.205,24.205,97569.0,23.159200000000002,,23.200001,1.004998999999998,0.04331892054659825,132155.0,-34586.0,-0.26170784306306993
118,2022-03-30,24.190001,24.190001,23.620001,23.799999,23.799999,86010.0,23.0892,,24.205,-0.4050009999999986,-0.016732121462507688,97569.0,-11559.0,-0.1184700058420195
119,2022-03-31,23.799999,24.110001,23.26,23.33,23.33,73357.0,23.02769998,,23.799999,-0.4699990000000014,-0.019747857972599148,86010.0,-12653.0,-0.14711080106964303
120,2022-04-01,23.290001,23.459999,23.1,23.290001,23.290001,60634.0,22.982599999999998,,23.33,-0.03999899999999812,-0.0017144877839690986,73357.0,-12723.0,-0.1734394808948021
121,2022-04-04,23.52,23.68,23.33,23.33,23.33,59997.0,22.969900000000003,,23.290001,0.03999899999999812,0.0017174323006683423,60634.0,-637.0,-0.010505656892172754
122,2022-04-05,23.549999,23.639999,22.959999,22.959999,22.959999,74000.0,22.9465,,23.33,-0.37000099999999847,-0.015859451350192844,59997.0,14003.0,0.23339500308348748
123,2022-04-06,23.09,23.27,22.469999,22.75,22.75,96586.0,22.91280002,,22.959999,-0.20999899999999982,-0.009146298307765588,74000.0,22586.0,0.3052162162162162
124,2022-04-07,22.85,22.85,22.23,22.23,22.23,89313.0,22.88550004,,22.75,-0.5199999999999996,-0.022857142857142798,96586.0,-7273.0,-0.07530076822727927
125,2022-04-08,22.540001,22.540001,22.1,22.190001,22.190001,63182.0,22.85880006,,22.23,-0.03999900000000167,-0.0017993252361674372,89313.0,-26131.0,-0.2925777882279176
126,2022-04-11,22.190001,22.299999,21.76,21.799999,21.799999,93341.0,22.82080002,,22.190001,-0.39000199999999907,-0.0175755737910962,63182.0,30159.0,0.47733531702067045
127,2022-04-12,21.77,22.459999,21.65,22.440001,22.440001,66884.0,22.782600040000002,,21.799999,0.6400019999999991,0.02935789125494903,93341.0,-26457.0,-0.283444574195691
128,2022-04-13,22.58,22.58,21.870001,22.01,22.01,72647.0,22.75130002,,22.440001,-0.4300009999999972,-0.019162254048027738,66884.0,5763.0,0.08616410501764249
129,2022-04-14,23.1,23.209999,20.719999,20.83,20.83,387754.0,22.7016,,22.01,-1.1800000000000033,-0.05361199454793286,72647.0,315107.0,4.3375087753107495
130,2022-04-19,20.889999,21.120001,20.34,21.120001,21.120001,197959.0,22.66210004,,20.83,0.2900010000000002,0.013922275564090203,387754.0,-189795.0,-0.48947270692243017
131,2022-04-20,21.309999,21.309999,20.709999,20.950001,20.950001,113659.0,22.603600060000005,,21.120001,-0.16999999999999815,-0.008049242043122962,197959.0,-84300.0,-0.42584575593936114
132,2022-04-21,21.049999,21.51,20.860001,21.32,21.32,112330.0,22.57400008,,20.950001,0.36999899999999997,0.017661049276322283,113659.0,-1329.0,-0.011692870780140585
133,2022-04-22,21.15,21.620001,21.01,21.26,21.26,94238.0,22.540200060000004,,21.32,-0.05999999999999872,-0.0028142589118198558,112330.0,-18092.0,-0.1610611590848393
134,2022-04-25,21.43,21.59,20.93,21.190001,21.190001,100379.0,22.504800099999997,,21.26,-0.06999900000000281,-0.0032925211665100207,94238.0,6141.0,0.06516479551773169
135,2022-04-26,21.450001,21.450001,20.67,20.67,20.67,68638.0,22.46150012,,21.190001,-0.520000999999997,-0.024539923334595315,100379.0,-31741.0,-0.316211558194443
136,2022-04-27,20.67,20.84,20.07,20.24,20.24,132652.0,22.405500099999998,,20.67,-0.43000000000000327,-0.020803096274794597,68638.0,64014.0,0.9326320696990005
137,2022-04-28,20.4,21.0,20.35,20.879999,20.879999,71987.0,22.349600100000004,,20.24,0.6399990000000031,0.031620503952569434,132652.0,-60665.0,-0.45732442782619187
138,2022-04-29,21.07,21.450001,20.879999,21.16,21.16,91237.0,22.312100100000002,,20.879999,0.2800009999999986,0.013410010220785917,71987.0,19250.0,0.26740939336269043
139,2022-05-02,21.209999,21.209999,20.290001,20.68,20.68,57529.0,22.266200099999995,,21.16,-0.4800000000000004,-0.022684310018903586,91237.0,-33708.0,-0.3694553744643072
140,2022-05-03,20.84,21.030001,20.700001,20.950001,20.950001,46176.0,22.22750012,,20.68,0.2700010000000006,0.013056141199226268,57529.0,-11353.0,-0.19734394826956836
141,2022-05-04,21.08,21.41,20.85,21.27,21.27,69915.0,22.207400120000003,,20.950001,0.31999899999999926,0.015274414545374038,46176.0,23739.0,0.5140982328482329
142,2022-05-05,21.65,21.83,20.51,20.51,20.51,105029.0,22.16690012,,21.27,-0.759999999999998,-0.03573107663375641,69915.0,35114.0,0.5022384323821785
143,2022-05-06,20.52,20.530001,19.969999,20.0,20.0,127832.0,22.128300120000002,,20.51,-0.5100000000000016,-0.024865919063871367,105029.0,22803.0,0.21711146445267504
144,2022-05-09,20.120001,20.120001,19.0,19.049999,19.049999,147863.0,22.07690008,,20.0,-0.9500010000000003,-0.047500050000000016,127832.0,20031.0,0.15669785343263043
145,2022-05-10,19.355,19.49,19.0,19.01,19.01,110391.0,22.011900079999997,,19.049999,-0.03999899999999812,-0.0020996851495896918,147863.0,-37472.0,-0.25342377741558064
146,2022-05-11,19.209999,19.26,18.775,19.0,19.0,126283.0,21.94260008,,19.01,-0.010000000000001563,-0.0005260389268806342,110391.0,15892.0,0.14396101131432815
147,2022-05-12,18.780001,19.004999,18.334999,18.969999,18.969999,135229.0,21.893600059999997,,19.0,-0.030000999999998612,-0.001578999999999886,126283.0,8946.0,0.07084088911413255
148,2022-05-13,19.129999,19.299999,18.75,18.915001,18.915001,141963.0,21.833500080000004,,18.969999,-0.05499800000000121,-0.002899209430638372,135229.0,6734.0,0.04979701099616207
149,2022-05-16,18.950001,18.99,18.299999,18.299999,18.299999,123233.0,21.76950006,,18.915001,-0.6150020000000005,-0.03251398189193855,141963.0,-18730.0,-0.1319357860851067
150,2022-05-17,18.5,19.145,18.43,18.83,18.83,94230.0,21.73240008,,18.299999,0.5300009999999986,0.028961804861300733,123233.0,-29003.0,-0.2353509206137966
151,2022-05-18,19.040001,19.059999,18.360001,18.360001,18.360001,78552.0,21.681600099999997,,18.83,-0.46999899999999784,-0.024960116834837898,94230.0,-15678.0,-0.1663801337153773
152,2022-05-19,18.42,18.795,18.200001,18.795,18.795,104665.0,21.64330012,,18.360001,0.43499900000000125,0.02369275470083032,78552.0,26113.0,0.33242947346980345
153,2022-05-20,18.795,19.129999,18.75,18.780001,18.780001,86412.0,21.56830012,,18.795,-0.014999000000003093,-0.0007980313913276138,104665.0,-18253.0,-0.17439449672765495
154,2022-05-23,19.094999,19.41,18.98,19.035,19.035,106668.0,21.511200139999996,,18.780001,0.25499900000000153,0.013578220789232098,86412.0,20256.0,0.23441188723788353
155,2022-05-24,19.18,19.18,18.514999,18.605,18.605,70242.0,21.43890016,,19.035,-0.4299999999999997,-0.02258996585237716,106668.0,-36426.0,-0.3414894813814827
156,2022-05-25,18.764999,18.945,18.379999,18.5,18.5,67083.0,21.35370016,,18.605,-0.10500000000000043,-0.005643644181671625,70242.0,-3159.0,-0.044973093021269284
157,2022-05-26,18.549999,18.940001,18.450001,18.915001,18.915001,32939.0,21.28180018,,18.5,0.4150010000000002,0.022432486486486436,67083.0,-34144.0,-0.508981411087757
158,2022-05-27,19.0,19.34,18.924999,19.195,19.195,104286.0,21.20050018,,18.915001,0.2799990000000001,0.014803012698756834,32939.0,71347.0,2.1660341844014694
159,2022-05-30,19.514999,19.735001,19.42,19.639999,19.639999,94191.0,21.12700014,,19.195,0.44499899999999926,0.023183068507423688,104286.0,-10095.0,-0.09680110465450775
160,2022-05-31,19.504999,19.514999,18.9,18.915001,18.915001,120454.0,21.03060014,,19.639999,-0.7249979999999994,-0.03691436033168838,94191.0,26263.0,0.27882706415687264
161,2022-06-01,19.035,19.15,18.674999,18.73,18.73,63451.0,20.926200119999997,,18.915001,-0.18500099999999975,-0.009780649760473215,120454.0,-57003.0,-0.4732345957793016
162,2022-06-02,18.785,18.9,18.565001,18.844999,18.844999,78215.0,20.80980008,,18.73,0.11499900000000096,0.006139829151094567,63451.0,14764.0,0.23268348804589367
163,2022-06-03,19.025,19.049999,18.475,18.535,18.535,86517.0,20.69660008,,18.844999,-0.30999900000000125,-0.01644993454231547,78215.0,8302.0,0.10614332289202832
164,2022-06-06,18.924999,19.495001,18.700001,19.424999,19.424999,76416.0,20.59400006,,18.535,0.8899989999999995,0.04801721068249254,86517.0,-10101.0,-0.11675162106869175
165,2022-06-07,19.424999,19.424999,18.76,18.99,18.99,98437.0,20.518100060000002,,19.424999,-0.43499900000000125,-0.022393772066603534,76416.0,22021.0,0.28817263400335014
166,2022-06-08,19.0,19.24,18.76,19.24,19.24,88233.0,20.43890004,,18.99,0.25,0.01316482359136395,98437.0,-10204.0,-0.10366020906772855
167,2022-06-09,19.0,19.58,18.709999,19.040001,19.040001,235561.0,20.33560006,,19.24,-0.19999899999999826,-0.0103949584199583,88233.0,147328.0,1.6697607471127585
168,2022-06-10,19.0,19.6,18.764999,18.799999,18.799999,153612.0,20.23560006,,19.040001,-0.2400020000000005,-0.012605146396788558,235561.0,-81949.0,-0.34788865729046825
169,2022-06-13,18.74,18.924999,18.309999,18.690001,18.690001,166952.0,20.14280008,,18.799999,-0.10999800000000093,-0.0058509577580296845,153612.0,13340.0,0.08684217378850612
170,2022-06-14,18.73,19.0,18.27,18.485001,18.485001,145943.0,20.04670008,,18.690001,-0.2049999999999983,-0.01096843172988582,166952.0,-21009.0,-0.12583856437778518
171,2022-06-15,18.5,19.59,18.469999,19.5,19.5,116534.0,19.970100079999998,,18.485001,1.0149989999999995,0.05490932892024181,145943.0,-29409.0,-0.20151017863138354
172,2022-06-16,19.559999,19.57,19.014999,19.07,19.07,86897.0,19.8923001,,19.5,-0.4299999999999997,-0.02205128205128204,116534.0,-29637.0,-0.25432062745636463
173,2022-06-17,19.139999,19.885,19.120001,19.530001,19.530001,785112.0,19.82790012,,19.07,0.46000099999999833,0.02412170949134751,86897.0,698215.0,8.034972438634245
174,2022-06-20,19.305,19.695,18.43,18.889999,18.889999,105576.0,19.7611001,,19.530001,-0.6400019999999991,-0.032770198014838714,785112.0,-679536.0,-0.8655274661449577
175,2022-06-21,19.16,19.795,19.025,19.405001,19.405001,76287.0,19.7054001,,18.889999,0.5150019999999991,0.02726320948984684,105576.0,-29289.0,-0.27742100477381226
176,2022-06-22,19.205,19.52,18.9,19.52,19.52,63184.0,19.65980012,,19.405001,0.11499900000000096,0.005926255814158399,76287.0,-13103.0,-0.17175927746536102
177,2022-06-23,19.5,19.5,18.950001,19.045,19.045,59187.0,19.5919001,,19.52,-0.47499999999999787,-0.02433401639344246,63184.0,-3997.0,-0.06325968599645482
178,2022-06-24,19.0,19.5,18.815001,19.34,19.34,130474.0,19.5385001,,19.045,0.29499999999999815,0.015489629824100737,59187.0,71287.0,1.2044367851048374
179,2022-06-27,19.370001,19.504999,18.950001,19.08,19.08,36921.0,19.5035001,,19.34,-0.26000000000000156,-0.013443640124095269,130474.0,-93553.0,-0.7170240814261846
180,2022-06-28,19.200001,19.35,18.92,19.135,19.135,34916.0,19.46380008,,19.08,0.05500000000000327,0.002882599580712908,36921.0,-2005.0,-0.05430513799734571
181,2022-06-29,18.91,18.99,17.9,18.135,18.135,129461.0,19.40750006,,19.135,-1.0,-0.05226025607525475,34916.0,94545.0,2.7077843968381257
182,2022-06-30,18.305,18.305,15.905,17.299999,17.299999,426802.0,19.32710004,,18.135,-0.8350010000000019,-0.04604361731458517,129461.0,297341.0,2.296761186766671
183,2022-07-01,16.865,17.110001,15.7,15.79,15.79,343460.0,19.21770004,,17.299999,-1.5099990000000005,-0.08728318423602222,426802.0,-83342.0,-0.19527087501932983
184,2022-07-04,15.79,15.79,14.215,14.6,14.6,283931.0,19.08590002,,15.79,-1.1899999999999995,-0.07536415452818235,343460.0,-59529.0,-0.1733214930414022
185,2022-07-05,14.805,15.0,13.87,14.405,14.405,248320.0,18.96060002,,14.6,-0.19500000000000028,-0.013356164383561686,283931.0,-35611.0,-0.1254213171509979
186,2022-07-06,14.465,14.9,14.01,14.74,14.74,164494.0,18.850600019999998,,14.405,0.33500000000000085,0.023255813953488413,248320.0,-83826.0,-0.33757248711340204
187,2022-07-07,14.845,15.02,14.56,15.02,15.02,166372.0,18.73340004,,14.74,0.27999999999999936,0.01899592944369055,164494.0,1878.0,0.011416829793184036
188,2022-07-08,15.11,16.290001,14.93,16.290001,16.290001,178708.0,18.63600006,,15.02,1.2700010000000006,0.08455399467376834,166372.0,12336.0,0.07414709205875991
189,2022-07-11,16.0,16.155001,15.41,15.45,15.45,95601.0,18.53140006,,16.290001,-0.8400010000000009,-0.051565435754116984,178708.0,-83107.0,-0.46504353470465787
190,2022-07-12,15.4,15.4,14.955,15.11,15.11,53910.0,18.41460004,,15.45,-0.33999999999999986,-0.022006472491909346,95601.0,-41691.0,-0.43609376470957417
191,2022-07-13,14.965,15.095,14.635,14.95,14.95,85514.0,18.288200040000003,,15.11,-0.16000000000000014,-0.010589013898080757,53910.0,31604.0,0.5862363197922464
192,2022-07-14,15.0,15.03,14.51,14.87,14.87,118522.0,18.175400040000003,,14.95,-0.08000000000000007,-0.005351170568561825,85514.0,33008.0,0.38599527562738256
193,2022-07-15,14.975,15.44,14.92,15.425,15.425,83478.0,18.08390004,,14.87,0.5550000000000015,0.03732347007397463,118522.0,-35044.0,-0.29567506454497894
194,2022-07-18,15.66,16.33,15.505,16.33,16.33,109279.0,18.02950006,,15.425,0.9049999999999976,0.05867098865478093,83478.0,25801.0,0.30907544502743245
195,2022-07-19,16.34,16.540001,15.51,16.08,16.08,286770.0,17.970900059999998,,16.33,-0.25,-0.015309246785058184,109279.0,177491.0,1.6242004410728503
196,2022-07-20,15.95,16.115,15.48,16.0,16.0,199819.0,17.91090006,,16.08,-0.0799999999999983,-0.004975124378109319,286770.0,-86951.0,-0.3032081459008962
197,2022-07-21,15.85,16.450001,15.75,16.280001,16.280001,54269.0,17.8571001,,16.0,0.2800009999999986,0.017500062499999913,199819.0,-145550.0,-0.7284092103353534
198,2022-07-22,16.245001,16.68,16.15,16.16,16.16,71753.0,17.80200008,,16.280001,-0.12000099999999847,-0.007371068343300369,54269.0,17484.0,0.32217287954449136
199,2022-07-25,16.049999,16.145,15.8,16.01,16.01,69731.0,17.7562001,21.16192003,16.16,-0.14999999999999858,-0.009282178217821735,71753.0,-2022.0,-0.028180006410881808
200,2022-07-26,16.040001,16.049999,15.045,15.13,15.13,166678.0,17.6822001,21.139050030000003,16.01,-0.8800000000000008,-0.0549656464709557,69731.0,96947.0,1.3902998666303366
201,2022-07-27,15.305,15.62,15.03,15.515,15.515,66694.0,17.62530008,21.107175035,15.13,0.3849999999999998,0.02544613350958369,166678.0,-99984.0,-0.5998632093017675
202,2022-07-28,15.74,15.98,15.505,15.97,15.97,58385.0,17.568800080000003,21.083500035,15.515,0.45500000000000007,0.029326458266194066,66694.0,-8309.0,-0.12458392059255707
203,2022-07-29,15.98,16.34,15.98,16.004999,16.004999,55103.0,17.51330004,21.054625025,15.97,0.03499900000000089,0.0021915466499686787,58385.0,-3282.0,-0.0562130684251092
204,2022-08-01,16.135,16.195,15.7,15.97,15.97,91066.0,17.45200004,21.025025030000002,16.004999,-0.03499900000000089,-0.0021867542759609337,55103.0,35963.0,0.6526504908988622
205,2022-08-02,15.97,16.0,15.205,15.39,15.39,82552.0,17.38770004,20.992725030000003,15.97,-0.5800000000000001,-0.036318096430807745,91066.0,-8514.0,-0.09349263171765532
206,2022-08-03,15.295,15.4,15.15,15.38,15.38,114064.0,17.32530004,20.963375029999998,15.39,-0.009999999999999787,-0.0006497725795970855,82552.0,31512.0,0.38172303517782735
207,2022-08-04,15.38,15.565,15.025,15.22,15.22,114970.0,17.251400020000002,20.930725029999998,15.38,-0.16000000000000014,-0.01040312093628093,114064.0,906.0,0.00794290924393315
208,2022-08-05,15.345,15.54,14.965,15.27,15.27,95204.0,17.17290002,20.90145003,15.22,0.049999999999998934,0.003285151116951379,114970.0,-19766.0,-0.17192311037662
209,2022-08-08,15.49,15.79,15.265,15.59,15.59,63364.0,17.09190004,20.874650025,15.27,0.3200000000000003,0.02095612311722328,95204.0,-31840.0,-0.3344397294231335
210,2022-08-09,15.5,15.77,15.045,15.15,15.15,106555.0,17.016600020000002,20.849600025,15.59,-0.4399999999999995,-0.02822322001282873,63364.0,43191.0,0.6816331039707089
211,2022-08-10,15.05,15.73,15.0,15.73,15.73,65111.0,16.95660002,20.821250024999998,15.15,0.5800000000000001,0.03828382838283839,106555.0,-41444.0,-0.3889446764581671
212,2022-08-11,15.82,15.99,15.55,15.825,15.825,56688.0,16.89620004,20.79352502,15.73,0.09499999999999886,0.006039415130324244,65111.0,-8423.0,-0.12936370198583957
213,2022-08-12,15.92,15.92,15.505,15.525,15.525,50677.0,16.83600004,20.763675015,15.825,-0.29999999999999893,-0.018957345971563955,56688.0,-6011.0,-0.10603655094552644
214,2022-08-15,15.53,15.68,15.355,15.68,15.68,31172.0,16.76110006,20.736400015,15.525,0.15499999999999936,0.00998389694041868,50677.0,-19505.0,-0.3848886082443712
215,2022-08-16,15.76,15.83,15.345,15.345,15.345,54837.0,16.68820006,20.70907502,15.68,-0.3349999999999991,-0.021364795918367263,31172.0,23665.0,0.7591749005517772
216,2022-08-17,15.5,15.55,14.81,14.855,14.855,52622.0,16.600500059999998,20.67892502,15.345,-0.4900000000000002,-0.031932225480612586,54837.0,-2215.0,-0.04039243576417384
217,2022-08-18,14.94,15.0,14.7,14.995,14.995,36976.0,16.51960004,20.652625025,14.855,0.1399999999999988,0.009424436216761922,52622.0,-15646.0,-0.29732811371669643
218,2022-08-19,14.9,15.0,14.645,14.65,14.65,26624.0,16.43660006,20.62345002,14.995,-0.34499999999999886,-0.02300766922307429,36976.0,-10352.0,-0.2799653829511034
219,2022-08-22,14.63,14.645,14.0,14.09,14.09,62161.0,16.34460004,20.591900019999997,14.65,-0.5600000000000005,-0.038225255972696326,26624.0,35537.0,1.3347731370192308
220,2022-08-23,14.09,14.09,13.66,13.755,13.755,63356.0,16.25000002,20.556100015,14.09,-0.3349999999999991,-0.023775727466288088,62161.0,1195.0,0.019224272453789437
221,2022-08-24,13.48,13.54,13.05,13.495,13.495,144675.0,16.12990002,20.522075020000003,13.755,-0.26000000000000156,-0.018902217375499908,63356.0,81319.0,1.283524843740135
222,2022-08-25,13.65,13.705,13.405,13.515,13.515,74493.0,16.01880002,20.483150025,13.495,0.02000000000000135,0.0014820303816229785,144675.0,-70182.0,-0.4851010886469673
223,2022-08-26,13.505,13.64,13.27,13.27,13.27,49869.0,15.893600000000001,20.44292502,13.515,-0.245000000000001,-0.018128005919348933,74493.0,-24624.0,-0.33055454874954693
224,2022-08-29,13.1,13.22,12.855,13.0,13.0,64360.0,15.775800020000002,20.40117502,13.27,-0.2699999999999996,-0.02034664657121321,49869.0,14491.0,0.290581323066434
225,2022-08-30,13.055,13.205,12.815,12.985,12.985,66293.0,15.6474,20.36160002,13.0,-0.015000000000000568,-0.001153846153846172,64360.0,1933.0,0.03003418272218772
226,2022-08-31,13.0,13.17,12.645,12.735,12.735,121017.0,15.511699999999998,20.32312502,12.985,-0.25,-0.019252984212552948,66293.0,54724.0,0.8254868538156366
227,2022-09-01,12.51,12.63,12.0,12.075,12.075,86611.0,15.372300000000001,20.28350002,12.735,-0.6600000000000001,-0.051825677267373416,121017.0,-34406.0,-0.28430716345637386
228,2022-09-02,12.225,12.385,11.84,12.325,12.325,109570.0,15.231999999999998,20.242625020000002,12.075,0.25,0.020703933747411973,86611.0,22959.0,0.2650818025424022
229,2022-09-05,12.0,12.325,11.96,12.235,12.235,57052.0,15.0951,20.201375015,12.325,-0.08999999999999986,-0.007302231237322543,109570.0,-52518.0,-0.479310030117733
230,2022-09-06,12.245,12.48,12.1,12.195,12.195,28246.0,14.9563,20.15982502,12.235,-0.03999999999999915,-0.003269309358397976,57052.0,-28806.0,-0.5049078034074178
231,2022-09-07,12.25,12.495,12.01,12.405,12.405,42904.0,14.841700000000001,20.119650015,12.195,0.20999999999999908,0.017220172201722006,28246.0,14658.0,0.5189407349713233
232,2022-09-08,12.5,12.5,12.145,12.3,12.3,57826.0,14.741700020000001,20.07957501,12.405,-0.10499999999999865,-0.008464328899637108,42904.0,14922.0,0.34779973895207905
233,2022-09-09,12.445,12.79,12.445,12.51,12.51,92537.0,14.676100020000002,20.03827501,12.3,0.20999999999999908,0.017073170731707332,57826.0,34711.0,0.6002663161899491
234,2022-09-12,12.64,12.78,12.375,12.63,12.63,85572.0,14.636700020000001,19.997675010000002,12.51,0.120000000000001,0.009592326139088891,92537.0,-6965.0,-0.07526719042112884
235,2022-09-13,12.8,12.97,12.37,12.485,12.485,106431.0,14.598300020000002,19.954850015,12.63,-0.14500000000000135,-0.011480601741884477,85572.0,20859.0,0.24375964100406677
236,2022-09-14,12.495,12.605,12.23,12.265,12.265,64754.0,14.548800020000002,19.908175014999998,12.485,-0.21999999999999886,-0.017621145374449254,106431.0,-41677.0,-0.39158703761122227
237,2022-09-15,12.325,12.615,12.305,12.51,12.51,65888.0,14.498600020000001,19.863725015,12.265,0.24499999999999922,0.019975540154912208,64754.0,1134.0,0.017512431664453265
238,2022-09-16,12.5,12.585,12.355,12.405,12.405,63802.0,14.4209,19.819050015000002,12.51,-0.10500000000000043,-0.008393285371702697,65888.0,-2086.0,-0.0316597863040311
239,2022-09-19,12.385,12.385,11.865,12.205,12.205,58976.0,14.356000000000002,19.772750015,12.405,-0.1999999999999993,-0.01612253123740426,63802.0,-4826.0,-0.07564026206075047
240,2022-09-20,12.12,12.23,11.625,11.625,11.625,63539.0,14.2863,19.723250014999998,12.205,-0.5800000000000001,-0.04752150757886109,58976.0,4563.0,0.0773704557786219
241,2022-09-21,11.465,11.6,11.21,11.53,11.53,94491.0,14.2179,19.671400015000003,11.625,-0.09500000000000064,-0.008172043010752694,63539.0,30952.0,0.48713388627457155
242,2022-09-22,11.315,11.395,10.955,11.0,11.0,77650.0,14.1405,19.621600020000002,11.53,-0.5299999999999994,-0.04596704249783168,94491.0,-16841.0,-0.17822861436538928
243,2022-09-23,10.935,11.25,10.875,11.215,11.215,84192.0,14.0563,19.574350015,11.0,0.21499999999999986,0.019545454545454533,77650.0,6542.0,0.08424983902124916
244,2022-09-26,11.21,11.355,11.125,11.15,11.15,44449.0,13.9527,19.525250019999998,11.215,-0.0649999999999995,-0.005795809184128364,84192.0,-39743.0,-0.47205197643481567
245,2022-09-27,11.385,11.89,11.385,11.785,11.785,42239.0,13.866800000000001,19.478400015000002,11.15,0.6349999999999998,0.05695067264573983,44449.0,-2210.0,-0.049719903709869784
246,2022-09-28,11.57,11.6,10.435,10.72,10.72,152385.0,13.7612,19.424150015,11.785,-1.0649999999999995,-0.09036911327959263,42239.0,110146.0,2.6076848410236986
247,2022-09-29,10.74,10.83,9.894,9.918,9.918,110558.0,13.63395998,19.365065010000002,10.72,-0.8020000000000014,-0.07481343283582098,152385.0,-41827.0,-0.2744823965613413
248,2022-09-30,10.0,10.27,9.93,10.225,10.225,127574.0,13.515259980000002,19.29994001,9.918,0.3070000000000004,0.030953821334946507,110558.0,17016.0,0.15391016480037623
249,2022-10-03,10.055,10.135,9.716,9.97,9.97,145612.0,13.394459979999999,19.231865014999997,10.225,-0.254999999999999,-0.02493887530562333,127574.0,18038.0,0.14139244673679596
250,2022-10-04,10.17,11.1,10.16,11.065,11.065,132581.0,13.31315998,19.169965015,9.97,1.0949999999999989,0.10982948846539609,145612.0,-13031.0,-0.08949125072109443
251,2022-10-05,11.13,11.25,10.5,10.55,10.55,58049.0,13.21385998,19.10421501,11.065,-0.5149999999999988,-0.046543154089471184,132581.0,-74532.0,-0.5621619990798078
252,2022-10-06,10.79,10.86,10.48,10.5,10.5,60720.0,13.10445998,19.03511501,10.55,-0.05000000000000071,-0.004739336492891044,58049.0,2671.0,0.046012851211907124
253,2022-10-07,10.5,10.745,10.355,10.415,10.415,73312.0,12.99266,18.963190015,10.5,-0.08500000000000085,-0.008095238095238155,60720.0,12592.0,0.2073781291172596
254,2022-10-10,10.265,10.585,10.02,10.445,10.445,50334.0,12.882159999999999,18.893015015,10.415,0.030000000000001137,0.002880460873739832,73312.0,-22978.0,-0.313427542557835
255,2022-10-11,10.3,10.77,10.3,10.77,10.77,49167.0,12.78976,18.819865015,10.445,0.3249999999999993,0.031115366203925188,50334.0,-1167.0,-0.023185123375849326
256,2022-10-12,10.845,10.895,10.54,10.6,10.6,27293.0,12.69416,18.73489002,10.77,-0.16999999999999993,-0.01578458681522743,49167.0,-21874.0,-0.44489189903797266
257,2022-10-13,10.36,10.6,10.075,10.525,10.525,81852.0,12.600259999999999,18.653440015,10.6,-0.07499999999999929,-0.007075471698113178,27293.0,54559.0,1.9990107353533872
258,2022-10-14,10.84,10.9,10.385,10.5,10.5,106405.0,12.504859999999999,18.576390015,10.525,-0.025000000000000355,-0.002375296912114022,81852.0,24553.0,0.2999682353516102
259,2022-10-17,10.65,10.885,10.3,10.86,10.86,62735.0,12.410260000000001,18.50561502,10.5,0.35999999999999943,0.03428571428571425,106405.0,-43670.0,-0.41041304449978855
260,2022-10-18,10.96,11.25,10.96,11.145,11.145,48542.0,12.33016,18.44156502,10.86,0.28500000000000014,0.026243093922651894,62735.0,-14193.0,-0.22623734757312508
261,2022-10-19,11.255,11.42,11.075,11.225,11.225,42859.0,12.240059999999998,18.37376502,11.145,0.08000000000000007,0.007178106774338167,48542.0,-5683.0,-0.11707387417082116
262,2022-10-20,11.2,11.42,10.955,11.415,11.415,41855.0,12.15186,18.30851502,11.225,0.1899999999999995,0.016926503340757293,42859.0,-1004.0,-0.023425651555099236
263,2022-10-21,11.43,11.475,11.115,11.375,11.375,44546.0,12.068859999999999,18.23749002,11.415,-0.03999999999999915,-0.003504161191414723,41855.0,2691.0,0.06429339385975386
264,2022-10-24,11.45,11.62,11.265,11.47,11.47,47201.0,11.984659999999998,18.16234002,11.375,0.09500000000000064,0.008351648351648366,44546.0,2655.0,0.05960131100435495
265,2022-10-25,11.52,11.99,11.52,11.99,11.99,62239.0,11.917559999999998,18.095615025,11.47,0.5199999999999996,0.04533565823888397,47201.0,15038.0,0.3185949450223513
266,2022-10-26,12.1,13.09,12.1,13.02,13.02,216217.0,11.88086,18.03381503,11.99,1.0299999999999994,0.08590492076730594,62239.0,153978.0,2.4739793377142947
267,2022-10-27,13.15,13.365,12.645,13.32,13.32,81770.0,11.847360000000002,17.965440025,13.02,0.3000000000000007,0.02304147465437789,216217.0,-134447.0,-0.6218151209201866
268,2022-10-28,13.305,13.305,12.5,12.815,12.815,76928.0,11.810659999999999,17.89301503,13.32,-0.5050000000000008,-0.03791291291291299,81770.0,-4842.0,-0.059214870979576895
269,2022-10-31,12.985,13.145,12.74,13.145,13.145,50803.0,11.79176,17.826715025000002,12.815,0.33000000000000007,0.025751072961373467,76928.0,-26125.0,-0.33960326539101493
270,2022-11-01,13.15,13.45,12.83,12.985,12.985,57584.0,11.77636,17.763915025000003,13.145,-0.16000000000000014,-0.012171928489920103,50803.0,6781.0,0.13347636950573794
271,2022-11-02,13.0,13.035,12.765,12.8,12.8,56107.0,11.76246,17.708090025,12.985,-0.18499999999999872,-0.014247208317289095,57584.0,-1477.0,-0.025649485968324504
272,2022-11-03,12.52,12.685,12.15,12.58,12.58,68127.0,11.74376,17.65034003,12.8,-0.22000000000000064,-0.017187500000000022,56107.0,12020.0,0.214233518099346
273,2022-11-04,12.82,13.295,12.755,13.24,13.24,60007.0,11.743159999999998,17.594365035,12.58,0.6600000000000001,0.05246422893481717,68127.0,-8120.0,-0.11918916141911429
274,2022-11-07,13.13,13.4,13.0,13.4,13.4,68616.0,11.75116,17.54339004,13.24,0.16000000000000014,0.012084592145015227,60007.0,8609.0,0.14346659556385077
275,2022-11-08,13.56,13.57,13.085,13.57,13.57,57962.0,11.76286,17.49361504,13.4,0.16999999999999993,0.012686567164179152,68616.0,-10654.0,-0.15526990789320272
276,2022-11-09,13.4,13.5,13.28,13.5,13.5,35249.0,11.77816,17.442615035000003,13.57,-0.07000000000000028,-0.005158437730287457,57962.0,-22713.0,-0.3918601842586522
277,2022-11-10,13.4,14.635,13.305,14.635,14.635,141148.0,11.82936,17.394040035,13.5,1.1349999999999998,0.08407407407407397,35249.0,105899.0,3.0043121790689096
278,2022-11-11,14.7,15.84,14.635,15.77,15.77,143474.0,11.89826,17.35501503,14.635,1.1349999999999998,0.07755380936112055,141148.0,2326.0,0.016479156629920277
279,2022-11-14,15.9,16.219999,15.58,16.200001,16.200001,85424.0,11.97756002,17.31944003,15.77,0.43000100000000074,0.027267025998731764,143474.0,-58050.0,-0.40460292457169944
280,2022-11-15,16.25,16.450001,15.825,16.325001,16.325001,65685.0,12.060160040000001,17.28559004,16.200001,0.125,0.00771604890641675,85424.0,-19739.0,-0.23107089342573517
281,2022-11-16,16.25,16.25,15.67,15.95,15.95,66643.0,12.13106004,17.24596504,16.325001,-0.37500100000000103,-0.022970963370844588,65685.0,958.0,0.014584760599832602
282,2022-11-17,15.75,15.935,15.01,15.015,15.015,56829.0,12.185360039999999,17.207040045,15.95,-0.9349999999999987,-0.05862068965517231,66643.0,-9814.0,-0.1472622781087286
283,2022-11-18,15.16,15.58,15.025,15.4,15.4,49998.0,12.24316004,17.16929004,15.015,0.3849999999999998,0.02564102564102555,56829.0,-6831.0,-0.12020271340336797
284,2022-11-21,15.4,15.4,14.815,14.85,14.85,32240.0,12.287560039999999,17.128740045,15.4,-0.5500000000000007,-0.03571428571428581,49998.0,-17758.0,-0.3551742069682787
285,2022-11-22,14.805,14.81,14.155,14.245,14.245,82427.0,12.322760039999999,17.08579005,14.85,-0.6050000000000004,-0.040740740740740744,32240.0,50187.0,1.556668734491315
286,2022-11-23,14.3,14.335,13.64,14.12,14.12,69500.0,12.35986004,17.041190045,14.245,-0.125,-0.008775008775008808,82427.0,-12927.0,-0.15682967959527827
287,2022-11-24,14.2,14.485,14.1,14.29,14.29,140359.0,12.39546004,16.994265050000003,14.12,0.16999999999999993,0.012039660056657242,69500.0,70859.0,1.0195539568345322
288,2022-11-25,14.86,15.295,14.12,14.155,14.155,109284.0,12.43046004,16.94986505,14.29,-0.1349999999999998,-0.009447165850244965,140359.0,-31075.0,-0.22139656167399313
289,2022-11-28,14.115,14.175,13.8,13.82,13.82,99056.0,12.46276004,16.90409005,14.155,-0.3349999999999991,-0.023666548922642083,109284.0,-10228.0,-0.09359101057794372
290,2022-11-29,13.85,14.07,13.27,13.36,13.36,57732.0,12.497460039999998,16.85646505,13.82,-0.46000000000000085,-0.03328509406657021,99056.0,-41324.0,-0.4171781618478436
291,2022-11-30,13.36,13.57,13.265,13.45,13.45,79023.0,12.53586004,16.81234005,13.36,0.08999999999999986,0.006736526946107713,57732.0,21291.0,0.3687902722926626
292,2022-12-01,13.75,13.975,13.225,13.48,13.48,83621.0,12.585460040000001,16.76706505,13.45,0.030000000000001137,0.0022304832713755385,79023.0,4598.0,0.05818559153664116
293,2022-12-02,13.6,14.15,13.465,14.035,14.035,114082.0,12.64186004,16.72759005,13.48,0.5549999999999997,0.04117210682492578,83621.0,30461.0,0.3642745243419716
294,2022-12-05,14.1,14.235,13.905,14.095,14.095,40883.0,12.70076004,16.689965045,14.035,0.0600000000000005,0.004275026718917108,114082.0,-73199.0,-0.6416349643239074
295,2022-12-06,14.08,14.29,13.995,14.12,14.12,40753.0,12.74746004,16.649265045,14.095,0.02499999999999858,0.0017736786094357804,40883.0,-130.0,-0.0031798057872465257
296,2022-12-07,14.2,14.22,13.99,14.175,14.175,34758.0,12.816560039999999,16.607815045000002,14.12,0.05500000000000149,0.0038951841359773365,40753.0,-5995.0,-0.14710573454714992
297,2022-12-08,14.175,14.39,14.005,14.175,14.175,50936.0,12.901700039999998,16.571590045,14.175,0.0,0.0,34758.0,16178.0,0.4654468036135566
298,2022-12-09,14.16,14.59,14.16,14.515,14.515,40947.0,12.98750004,16.534565045,14.175,0.33999999999999986,0.023985890652557407,50936.0,-9989.0,-0.19610884246898064
299,2022-12-12,14.3,14.345,14.015,14.225,14.225,44612.0,13.07260004,16.498190045,14.515,-0.2900000000000009,-0.01997933172580091,40947.0,3665.0,0.08950594671160284
300,2022-12-13,14.3,14.88,14.3,14.88,14.88,82553.0,13.14890004,16.46916505,14.225,0.6550000000000011,0.04604569420035154,44612.0,37941.0,0.8504662422666547
301,2022-12-14,14.71,15.39,14.58,15.11,15.11,62427.0,13.24010004,16.44021505,14.88,0.22999999999999865,0.015456989247311759,82553.0,-20126.0,-0.24379489540053056
302,2022-12-15,15.02,15.25,14.71,15.1,15.1,68947.0,13.33210004,16.412165055,15.11,-0.009999999999999787,-0.0006618133686300265,62427.0,6520.0,0.10444198824226691
303,2022-12-16,14.98,15.23,14.835,15.23,15.23,73001.0,13.42840004,16.37566505,15.1,0.13000000000000078,0.008609271523178919,68947.0,4054.0,0.0587987874744369
304,2022-12-19,15.23,15.45,15.075,15.2,15.2,40691.0,13.523500040000002,16.342215055,15.23,-0.030000000000001137,-0.001969796454366457,73001.0,-32310.0,-0.44259667675785264
305,2022-12-20,15.23,15.265,14.825,15.16,15.16,49474.0,13.611300040000001,16.30691506,15.2,-0.03999999999999915,-0.002631578947368318,40691.0,8783.0,0.21584625592882944
306,2022-12-21,15.2,15.305,15.09,15.24,15.24,30096.0,13.70410004,16.26931506,15.16,0.08000000000000007,0.005277044854881341,49474.0,-19378.0,-0.3916804786352428
307,2022-12-22,15.24,15.4,15.075,15.345,15.345,36732.0,13.800500040000001,16.233490059999998,15.24,0.10500000000000043,0.006889763779527547,30096.0,6636.0,0.22049441786283897
308,2022-12-23,15.34,15.76,15.3,15.75,15.75,88275.0,13.905500040000002,16.19594006,15.345,0.40499999999999936,0.02639296187683282,36732.0,51543.0,1.403217902646194
309,2022-12-27,15.87,16.120001,15.515,15.925,15.925,77200.0,14.00680004,16.158990055,15.75,0.1750000000000007,0.011111111111111072,88275.0,-11075.0,-0.12546020957235915
310,2022-12-28,15.925,16.235001,15.725,15.8,15.8,66080.0,14.09990004,16.11931505,15.925,-0.125,-0.00784929356357933,77200.0,-11120.0,-0.1440414507772021
311,2022-12-29,15.9,16.15,15.835,16.084999,16.084999,44140.0,14.19710002,16.07999004,15.8,0.2849989999999991,0.01803791139240496,66080.0,-21940.0,-0.33202179176755453
312,2022-12-30,16.004999,16.145,15.955,15.98,15.98,28490.0,14.288400020000001,16.036565035000002,16.084999,-0.1049989999999994,-0.006527759187302418,44140.0,-15650.0,-0.3545536927956502
313,2023-01-02,16.08,16.285,16.0,16.084999,16.084999,23793.0,14.3826,15.996015029999999,15.98,0.1049989999999994,0.006570650813516821,28490.0,-4697.0,-0.16486486486486485
314,2023-01-03,16.200001,16.285,15.945,15.965,15.965,46585.0,14.4725,15.95306503,16.084999,-0.11999899999999997,-0.007460305095449482,23793.0,22792.0,0.9579288025889967
315,2023-01-04,16.125,16.125,15.05,15.1,15.1,59906.0,14.5347,15.914640030000001,15.965,-0.8650000000000002,-0.05418102098340116,46585.0,13321.0,0.2859504132231405
316,2023-01-05,15.0,15.22,14.88,15.195,15.195,43710.0,14.578200000000002,15.874615025,15.1,0.09500000000000064,0.006291390728476953,59906.0,-16196.0,-0.2703568924648616
317,2023-01-06,15.175,15.175,14.62,14.925,14.925,47916.0,14.6103,15.828215024999999,15.195,-0.2699999999999996,-0.017769002961500413,43710.0,4206.0,0.09622512010981477
318,2023-01-09,15.0,15.725,15.0,15.28,15.28,65367.0,14.659600000000001,15.785615029999999,14.925,0.35499999999999865,0.02378559463986596,47916.0,17451.0,0.3641998497370398
319,2023-01-10,14.99,15.075,14.755,14.825,14.825,51640.0,14.693200000000001,15.743090029999998,15.28,-0.45500000000000007,-0.0297774869109948,65367.0,-13727.0,-0.2099989291232579
320,2023-01-11,14.82,14.975,14.435,14.505,14.505,77916.0,14.723600000000001,15.699165025,14.825,-0.3199999999999985,-0.021585160202360787,51640.0,26276.0,0.5088303640588692
321,2023-01-12,14.5,15.02,14.45,14.89,14.89,81505.0,14.7654,15.656965025,14.505,0.3849999999999998,0.026542571527059522,77916.0,3589.0,0.046062426202577056
322,2023-01-13,14.9,15.155,14.9,15.0,15.0,120293.0,14.8138,15.617165029999999,14.89,0.10999999999999943,0.00738750839489577,81505.0,38788.0,0.4758971842218269
323,2023-01-16,15.0,15.08,14.895,15.0,15.0,58167.0,14.849,15.578415029999999,15.0,0.0,0.0,120293.0,-62126.0,-0.5164556541112117
324,2023-01-17,15.025,15.05,14.85,15.0,15.0,40851.0,14.880999999999998,15.54226503,15.0,0.0,0.0,58167.0,-17316.0,-0.297694569085564
325,2023-01-18,14.9,15.01,14.8,14.975,14.975,56099.0,14.9091,15.506190025,15.0,-0.025000000000000355,-0.0016666666666667052,40851.0,15248.0,0.37325891655039034
326,2023-01-19,14.955,15.1,14.94,14.98,14.98,45256.0,14.9387,15.472090030000002,14.975,0.005000000000000782,0.0003338898163607329,56099.0,-10843.0,-0.19328330273266903
327,2023-01-20,14.955,15.045,14.935,15.0,15.0,81177.0,14.946000000000002,15.434890025,14.98,0.019999999999999574,0.001335113484646211,45256.0,35921.0,0.7937290083082906
328,2023-01-23,15.02,15.255,14.95,15.255,15.255,173102.0,14.935700000000002,15.401115025,15.0,0.2550000000000008,0.017000000000000126,81177.0,91925.0,1.1324020350591915
329,2023-01-24,15.3,16.469999,15.3,15.975,15.975,216145.0,14.931199979999999,15.376840025000002,15.255,0.7199999999999989,0.0471976401179941,173102.0,43043.0,0.2486568612725446
330,2023-01-25,15.86,15.925,15.375,15.58,15.58,68817.0,14.916299959999998,15.34914002,15.975,-0.3949999999999996,-0.024726134585289494,216145.0,-147328.0,-0.6816165074371371
331,2023-01-26,15.775,16.264999,15.615,15.905,15.905,52090.0,14.91539996,15.323915015,15.58,0.3249999999999993,0.020860077021822798,68817.0,-16727.0,-0.2430649403490417
332,2023-01-27,15.905,15.905,15.52,15.795,15.795,39581.0,14.930999960000001,15.296290015,15.905,-0.10999999999999943,-0.0069160641307765,52090.0,-12509.0,-0.24014206181608755
333,2023-01-30,15.79,15.79,15.17,15.205,15.205,63910.0,14.927099959999998,15.266015014999999,15.795,-0.5899999999999999,-0.037353592909148414,39581.0,24329.0,0.6146636012228088
334,2023-01-31,15.1,15.375,15.02,15.34,15.34,39747.0,14.93689996,15.23676501,15.205,0.1349999999999998,0.008878658336073597,63910.0,-24163.0,-0.37807854795806606
335,2023-02-01,15.49,15.85,15.36,15.63,15.63,84866.0,14.964599960000001,15.211565010000001,15.34,0.2900000000000009,0.01890482398956972,39747.0,45119.0,1.135154854454424
336,2023-02-02,15.755,16.094999,15.73,15.9,15.9,118310.0,15.00019996,15.18986501,15.63,0.2699999999999996,0.017274472168905985,84866.0,33444.0,0.3940800791836543
337,2023-02-03,15.85,15.85,15.1,15.36,15.36,83707.0,15.021599959999998,15.162265015000001,15.9,-0.5400000000000009,-0.0339622641509435,118310.0,-34603.0,-0.2924773899078692
338,2023-02-06,15.265,15.305,15.015,15.05,15.05,61462.0,15.03949996,15.131715015,15.36,-0.3099999999999987,-0.02018229166666663,83707.0,-22245.0,-0.2657483842450452
339,2023-02-07,15.02,15.13,14.64,15.055,15.055,56286.0,15.064199960000002,15.103590015,15.05,0.004999999999999005,0.0003322259136211425,61462.0,-5176.0,-0.08421463668608242
340,2023-02-08,15.325,15.4,14.905,14.905,14.905,53071.0,15.09509996,15.07336501,15.055,-0.15000000000000036,-0.00996346728661579,56286.0,-3215.0,-0.057118999395942116
341,2023-02-09,15.01,15.165,14.945,15.0,15.0,47113.0,15.12609996,15.04201501,14.905,0.09500000000000064,0.006373700100637425,53071.0,-5958.0,-0.11226470200297711
342,2023-02-10,14.75,14.75,14.305,14.625,14.625,113298.0,15.14899996,15.012590010000002,15.0,-0.375,-0.025000000000000022,47113.0,66185.0,1.4048139579309322
343,2023-02-13,14.66,15.1,14.66,14.985,14.985,60420.0,15.16799996,14.987515010000003,14.625,0.35999999999999943,0.024615384615384484,113298.0,-52878.0,-0.466716093841021
344,2023-02-14,15.0,15.1,14.7,14.965,14.965,47738.0,15.18539996,14.967090014999998,14.985,-0.019999999999999574,-0.001334668001334638,60420.0,-12682.0,-0.2098973849718636
345,2023-02-15,14.9,15.25,14.9,15.2,15.2,40220.0,15.206999959999997,14.948040015000002,14.965,0.23499999999999943,0.015703307718008652,47738.0,-7518.0,-0.15748460346055548
346,2023-02-16,15.29,15.52,15.21,15.345,15.345,51727.0,15.23039996,14.929765015000001,15.2,0.14500000000000135,0.009539473684210709,40220.0,11507.0,0.28610144206862254
347,2023-02-17,15.215,15.37,14.885,15.06,15.06,74358.0,15.248099960000001,14.91021502,15.345,-0.28500000000000014,-0.01857282502443791,51727.0,22631.0,0.43750845786533143
348,2023-02-20,15.115,15.33,15.065,15.075,15.075,46246.0,15.259299959999998,14.891015015,15.06,0.014999999999998792,0.0009960159362549792,74358.0,-28112.0,-0.37806288496194085
349,2023-02-21,15.05,15.2,14.755,15.07,15.07,45800.0,15.276199960000001,14.87486502,15.075,-0.004999999999999005,-0.00033167495854058426,46246.0,-446.0,-0.00964407732560657
350,2023-02-22,15.005,15.4,14.8,14.805,14.805,64867.0,15.27469996,14.854740020000001,15.07,-0.26500000000000057,-0.017584605175846035,45800.0,19067.0,0.4163100436681222
351,2023-02-23,14.8,15.095,14.8,14.82,14.82,38854.0,15.26889996,14.837040015,14.805,0.015000000000000568,0.0010131712259371373,64867.0,-26013.0,-0.4010205497402377
352,2023-02-24,14.83,14.955,14.32,14.345,14.345,41791.0,15.253799960000002,14.814790015000002,14.82,-0.47499999999999964,-0.03205128205128205,38854.0,2937.0,0.07559067277500375
353,2023-02-27,14.475,14.62,13.73,13.755,13.755,100478.0,15.224299960000002,14.789665009999998,14.345,-0.5899999999999999,-0.04112931334959913,41791.0,58687.0,1.4042975760331173
354,2023-02-28,13.8,14.56,13.8,14.28,14.28,95137.0,15.20589996,14.76589001,13.755,0.5249999999999986,0.03816793893129766,100478.0,-5341.0,-0.05315591472760206
355,2023-03-01,14.285,14.615,14.285,14.435,14.435,57023.0,15.191399959999998,14.74504001,14.28,0.15500000000000114,0.010854341736694861,95137.0,-38114.0,-0.4006222605295521
356,2023-03-02,14.31,14.385,14.19,14.19,14.19,47503.0,15.17039996,14.72349001,14.435,-0.245000000000001,-0.016972635954277893,57023.0,-9520.0,-0.16695017799835155
357,2023-03-03,14.18,14.645,14.18,14.615,14.615,53741.0,15.15579996,14.701990004999997,14.19,0.4250000000000007,0.02995066948555336,47503.0,6238.0,0.13131802201966192
358,2023-03-06,14.71,15.075,14.52,14.52,14.52,51493.0,15.131199959999998,14.678615005,14.615,-0.09500000000000064,-0.006500171057133075,53741.0,-2248.0,-0.04183025995050338
359,2023-03-07,14.45,14.45,13.92,13.92,13.92,93017.0,15.09109996,14.650015009999999,14.52,-0.5999999999999996,-0.04132231404958675,51493.0,41524.0,0.806400870021168
360,2023-03-08,13.885,14.22,13.84,14.0,14.0,49397.0,15.05509996,14.625440004999998,13.92,0.08000000000000007,0.005747126436781658,93017.0,-43620.0,-0.4689465366545901
361,2023-03-09,12.0,12.635,11.275,12.245,12.245,1075262.0,14.97829998,14.593015005000002,14.0,-1.7550000000000008,-0.12535714285714294,49397.0,1025865.0,20.76775917565844
362,2023-03-10,12.05,12.51,12.01,12.065,12.065,219300.0,14.89999998,14.559115009999998,12.245,-0.17999999999999972,-0.014699877501020753,1075262.0,-855962.0,-0.7960497069551421
363,2023-03-13,12.155,12.16,11.15,11.235,11.235,365226.0,14.803000000000003,14.522615009999999,12.065,-0.8300000000000001,-0.06879403232490677,219300.0,145926.0,0.6654172366621067
364,2023-03-14,11.28,12.2,11.28,12.08,12.08,384162.0,14.725299999999999,14.485890015,11.235,0.8450000000000006,0.0752113929684024,365226.0,18936.0,0.05184734931248047
365,2023-03-15,12.22,12.325,11.2,11.48,11.48,287230.0,14.652899999999999,14.448340015,12.08,-0.5999999999999996,-0.04966887417218535,384162.0,-96932.0,-0.25232063556520423
366,2023-03-16,11.6,11.925,11.035,11.485,11.485,255080.0,14.5787,14.409565015,11.48,0.004999999999999005,0.0004355400696862688,287230.0,-32150.0,-0.11193120495769937
367,2023-03-17,11.58,11.73,11.15,11.17,11.17,134048.0,14.503599999999999,14.370215009999999,11.485,-0.3149999999999995,-0.027427078798432647,255080.0,-121032.0,-0.47448643562803827
368,2023-03-20,11.05,11.265,10.37,11.165,11.165,351983.0,14.4213,14.332040015,11.17,-0.005000000000000782,-0.0004476275738586333,134048.0,217935.0,1.6257982215325852
369,2023-03-21,11.4,11.65,11.305,11.41,11.41,128256.0,14.353,14.29564001,11.165,0.245000000000001,0.021943573667711602,351983.0,-223727.0,-0.6356187656790242
370,2023-03-22,11.465,11.67,11.425,11.64,11.64,106920.0,14.2957,14.261415005000002,11.41,0.23000000000000043,0.02015775635407535,128256.0,-21336.0,-0.16635479041916168
371,2023-03-23,11.595,11.84,11.475,11.765,11.765,68083.0,14.2332,14.222740005,11.64,0.125,0.010738831615120237,106920.0,-38837.0,-0.3632341937897493
372,2023-03-24,11.75,11.785,11.15,11.3,11.3,99403.0,14.1592,14.183890004999999,11.765,-0.46499999999999986,-0.03952401189970245,68083.0,31320.0,0.4600267320770237
373,2023-03-27,11.52,11.73,11.35,11.49,11.49,63209.0,14.089,14.14369,11.3,0.1899999999999995,0.016814159292035447,99403.0,-36194.0,-0.3641137591420782
374,2023-03-28,11.63,11.7,11.2,11.25,11.25,90918.0,14.014000000000001,14.105490005,11.49,-0.2400000000000002,-0.02088772845953002,63209.0,27709.0,0.43837111803698847
375,2023-03-29,11.345,11.345,11.055,11.325,11.325,104158.0,13.940999999999999,14.06509,11.25,0.07499999999999929,0.006666666666666599,90918.0,13240.0,0.14562572867858958
376,2023-03-30,11.47,11.67,11.45,11.495,11.495,57569.0,13.871299999999998,14.024965000000002,11.325,0.16999999999999993,0.015011037527593807,104158.0,-46589.0,-0.4472916146623399
377,2023-03-31,11.5,11.62,11.32,11.51,11.51,93642.0,13.801499999999999,13.98729,11.495,0.015000000000000568,0.001304915180513344,57569.0,36073.0,0.6266045962236619
378,2023-04-03,11.67,11.88,11.67,11.73,11.73,70426.0,13.731,13.94924,11.51,0.22000000000000064,0.019113814074717794,93642.0,-23216.0,-0.2479229405608594
379,2023-04-04,11.73,11.73,11.21,11.21,11.21,60687.0,13.635700000000002,13.90989,11.73,-0.5199999999999996,-0.04433077578857625,70426.0,-9739.0,-0.13828699627978303
380,2023-04-05,11.22,11.23,10.66,10.71,10.71,137757.0,13.5383,13.867764999999999,11.21,-0.5,-0.044603033006244464,60687.0,77070.0,1.2699589697958378
381,2023-04-06,10.74,11.03,10.74,10.88,10.88,52195.0,13.4378,13.83149,10.71,0.16999999999999993,0.015873015873015817,137757.0,-85562.0,-0.6211081832502159
382,2023-04-11,11.05,11.12,10.87,10.94,10.94,88800.0,13.3407,13.799690005,10.88,0.05999999999999872,0.0055147058823528106,52195.0,36605.0,0.701312386243893
383,2023-04-12,11.0,11.45,10.96,11.23,11.23,107296.0,13.2612,13.776890004999998,10.94,0.2900000000000009,0.026508226691042136,88800.0,18496.0,0.20828828828828838
384,2023-04-13,11.25,11.33,11.16,11.23,11.23,55446.0,13.179,13.760040004999999,11.23,0.0,0.0,107296.0,-51850.0,-0.48324261855055173
385,2023-04-14,11.27,11.36,11.06,11.08,11.08,69477.0,13.088,13.743415005000001,11.23,-0.15000000000000036,-0.013357079252003579,55446.0,14031.0,0.25305702846012346
386,2023-04-17,11.1,11.28,10.96,11.12,11.12,62455.0,12.9924,13.725315005,11.08,0.03999999999999915,0.0036101083032489267,69477.0,-7022.0,-0.10106941865653385
387,2023-04-18,11.15,11.5,11.12,11.4,11.4,101690.0,12.9132,13.707215005,11.12,0.28000000000000114,0.02517985611510798,62455.0,39235.0,0.628212312865263
388,2023-04-19,10.12,10.71,9.6,10.38,10.38,897550.0,12.819799999999997,13.677665,11.4,-1.0199999999999996,-0.08947368421052626,101690.0,795860.0,7.826334939522077
389,2023-04-20,10.27,10.48,10.12,10.12,10.12,120869.0,12.7211,13.651015,10.38,-0.26000000000000156,-0.025048169556840194,897550.0,-776681.0,-0.8653345217536628
390,2023-04-21,10.07,10.1,9.625,9.75,9.75,219677.0,12.618,13.624215000000001,10.12,-0.3699999999999992,-0.03656126482213429,120869.0,98808.0,0.8174800817413894
391,2023-04-24,9.75,9.77,9.64,9.75,9.75,116095.0,12.513,13.598215,9.75,0.0,0.0,219677.0,-103582.0,-0.47151954915626126
392,2023-04-25,9.67,9.77,9.425,9.425,9.425,126844.0,12.409,13.57099,9.75,-0.3249999999999993,-0.033333333333333215,116095.0,10749.0,0.09258796675136738
393,2023-04-26,9.39,9.39,9.08,9.14,9.14,149717.0,12.2921,13.539564999999998,9.425,-0.28500000000000014,-0.03023872679045092,126844.0,22873.0,0.1803238623821386
394,2023-04-27,9.14,9.56,8.95,9.53,9.53,121965.0,12.183399999999999,13.505564999999999,9.14,0.3899999999999988,0.042669584245076386,149717.0,-27752.0,-0.18536305162406408
395,2023-04-28,9.56,9.645,9.34,9.53,9.53,60995.0,12.07,13.472815,9.53,0.0,0.0,121965.0,-60970.0,-0.49989751158119133
396,2023-05-02,9.5,9.51,9.23,9.475,9.475,104474.0,11.9526,13.44019,9.53,-0.054999999999999716,-0.005771248688352548,60995.0,43479.0,0.7128289204033118
397,2023-05-03,9.53,9.86,9.505,9.76,9.76,97807.0,11.846599999999999,13.407589994999999,9.475,0.28500000000000014,0.030079155672823266,104474.0,-6667.0,-0.06381492045867876
398,2023-05-04,9.8,9.985,9.625,9.925,9.925,60050.0,11.7436,13.376414995,9.76,0.16500000000000092,0.01690573770491821,97807.0,-37757.0,-0.3860357643113479
399,2023-05-05,9.99,10.1,9.8,10.07,10.07,77291.0,11.6436,13.346714995000003,9.925,0.14499999999999957,0.014609571788413156,60050.0,17241.0,0.2871107410491258
400,2023-05-08,10.14,10.25,10.06,10.12,10.12,38668.0,11.549900000000001,13.321664995,10.07,0.049999999999998934,0.0049652432969213844,77291.0,-38623.0,-0.4997088923678048
401,2023-05-09,10.1,10.1,9.885,9.98,9.98,39527.0,11.4531,13.293989994999999,10.12,-0.1399999999999988,-0.01383399209486158,38668.0,859.0,0.022214751215475337
402,2023-05-10,10.04,10.12,9.91,10.06,10.06,54049.0,11.3674,13.264439995,9.98,0.08000000000000007,0.008016032064128265,39527.0,14522.0,0.3673944392440611
403,2023-05-11,10.06,10.13,9.6,9.695,9.695,87856.0,11.2862,13.232890000000003,10.06,-0.3650000000000002,-0.03628230616302186,54049.0,33807.0,0.6254879831264224
404,2023-05-12,9.795,10.59,9.795,10.5,10.5,254743.0,11.2106,13.205540000000001,9.695,0.8049999999999997,0.08303249097472931,87856.0,166887.0,1.8995515388818065
405,2023-05-15,10.5,11.0,10.5,10.95,10.95,99819.0,11.140900000000002,13.183340000000001,10.5,0.4499999999999993,0.042857142857142705,254743.0,-154924.0,-0.6081580259320177
406,2023-05-16,10.85,10.85,10.35,10.45,10.45,118903.0,11.066099999999999,13.15869,10.95,-0.5,-0.045662100456621,99819.0,19084.0,0.19118604674460782
407,2023-05-17,10.37,10.5,10.15,10.35,10.35,78208.0,10.980799999999999,13.134340000000002,10.45,-0.09999999999999964,-0.009569377990430561,118903.0,-40695.0,-0.34225376987964984
408,2023-05-18,10.4,10.57,10.36,10.39,10.39,58330.0,10.8982,13.109940000000002,10.35,0.040000000000000924,0.0038647342995170586,78208.0,-19878.0,-0.2541683715220949
409,2023-05-19,10.36,10.42,10.22,10.32,10.32,75680.0,10.826200000000002,13.08359,10.39,-0.07000000000000028,-0.006737247353224229,58330.0,17350.0,0.2974455683181896
410,2023-05-22,10.31,10.4,10.11,10.29,10.29,79825.0,10.752,13.05929,10.32,-0.030000000000001137,-0.0029069767441861627,75680.0,4145.0,0.054770084566596156
411,2023-05-23,10.26,10.29,10.04,10.13,10.13,57869.0,10.7097,13.031289999999998,10.29,-0.15999999999999837,-0.015549076773566428,79825.0,-21956.0,-0.27505167554024423
412,2023-05-24,10.05,10.07,9.7,9.79,9.79,117632.0,10.6642,13.001115,10.13,-0.34000000000000163,-0.03356367226061219,57869.0,59763.0,1.0327290950249703
413,2023-05-25,9.98,9.98,9.745,9.805,9.805,51961.0,10.6356,12.972515000000001,9.79,0.015000000000000568,0.001532175689479054,117632.0,-65671.0,-0.5582749591947769
414,2023-05-26,9.945,10.1,9.875,10.07,10.07,77876.0,10.5954,12.944465000000001,9.805,0.26500000000000057,0.027027027027027195,51961.0,25915.0,0.4987394391947808
415,2023-05-29,10.1,10.24,10.04,10.24,10.24,58458.0,10.570599999999999,12.91894,10.07,0.16999999999999993,0.01688182720953324,77876.0,-19418.0,-0.2493451127433356
416,2023-05-30,10.24,10.29,9.805,9.91,9.91,79733.0,10.539100000000001,12.894214999999999,10.24,-0.33000000000000007,-0.0322265625,58458.0,21275.0,0.3639365014198228
417,2023-05-31,9.855,10.16,9.8,10.12,10.12,851029.0,10.518100000000002,12.86984,9.91,0.20999999999999908,0.021190716448032276,79733.0,771296.0,9.673485257045389
418,2023-06-01,,,,,,,,,10.12,,0.0,851029.0,,0.0
419,2023-06-02,10.33,10.54,10.33,10.45,10.45,173866.0,,,,,0.032608695652173836,,,-0.7956990889852167
420,2023-06-05,10.5,10.5,10.08,10.11,10.11,73504.0,,,10.45,-0.33999999999999986,-0.032535885167464085,173866.0,-100362.0,-0.5772376427823727
421,2023-06-06,10.05,10.32,9.85,10.3,10.3,79727.0,,,10.11,0.19000000000000128,0.018793273986152492,73504.0,6223.0,0.08466205920766212
422,2023-06-07,10.3,10.3,10.05,10.08,10.08,49912.0,,,10.3,-0.22000000000000064,-0.021359223300970953,79727.0,-29815.0,-0.3739636509588973
423,2023-06-08,9.98,9.985,9.8,9.88,9.88,71943.0,,,10.08,-0.1999999999999993,-0.01984126984126977,49912.0,22031.0,0.4413968584709087
424,2023-06-09,9.9,9.915,9.73,9.73,9.73,70946.0,,,9.88,-0.15000000000000036,-0.015182186234817818,71943.0,-997.0,-0.013858193291911625
425,2023-06-12,9.75,9.89,9.75,9.825,9.825,72162.0,,,9.73,0.09499999999999886,0.009763617677286618,70946.0,1216.0,0.017139796464916923
426,2023-06-13,9.865,9.985,9.775,9.865,9.865,68224.0,,,9.825,0.040000000000000924,0.004071246819338459,72162.0,-3938.0,-0.0545716582134641
427,2023-06-14,9.87,9.945,9.755,9.78,9.78,49143.0,,,9.865,-0.08500000000000085,-0.0086163203243792,68224.0,-19081.0,-0.27968163696060033
428,2023-06-15,9.75,9.845,9.27,9.49,9.49,148458.0,,,9.78,-0.28999999999999915,-0.02965235173824121,49143.0,99315.0,2.020938892619498
429,2023-06-16,9.55,9.83,9.52,9.645,9.645,149440.0,,,9.49,0.15499999999999936,0.016332982086406655,148458.0,982.0,0.00661466542725897
430,2023-06-19,9.6,9.605,9.355,9.42,9.42,60094.0,,,9.645,-0.22499999999999964,-0.023328149300155476,149440.0,-89346.0,-0.5978720556745182
431,2023-06-20,9.42,9.42,9.13,9.145,9.145,90016.0,,,9.42,-0.27500000000000036,-0.02919320594479835,60094.0,29922.0,0.4979199254501281
432,2023-06-21,9.105,9.11,8.855,8.93,8.93,145702.0,,,9.145,-0.21499999999999986,-0.023510114816839733,90016.0,55686.0,0.6186233558478493
433,2023-06-22,8.9,8.935,8.71,8.9,8.9,101361.0,,,8.93,-0.02999999999999936,-0.0033594624860021627,145702.0,-44341.0,-0.3043266393048826
434,2023-06-23,8.9,8.9,8.61,8.61,8.61,56171.0,,,8.9,-0.2900000000000009,-0.032584269662921495,101361.0,-45190.0,-0.4458322234389953
435,2023-06-26,8.67,8.815,8.58,8.76,8.76,50006.0,,,8.61,0.15000000000000036,0.017421602787456525,56171.0,-6165.0,-0.1097541435972299
436,2023-06-27,8.78,8.855,8.7,8.83,8.83,35429.0,,,8.76,0.07000000000000028,0.007990867579908745,50006.0,-14577.0,-0.29150501939767226
437,2023-06-28,8.87,9.15,8.87,9.11,9.11,55246.0,,,8.83,0.27999999999999936,0.03171007927519809,35429.0,19817.0,0.5593440401930623
438,2023-06-29,9.38,9.68,9.28,9.525,9.525,137528.0,,,9.11,0.4150000000000009,0.04555433589462132,55246.0,82282.0,1.4893747963653476
439,2023-06-30,9.525,9.59,9.305,9.46,9.46,72232.0,,,9.525,-0.0649999999999995,-0.006824146981627255,137528.0,-65296.0,-0.47478331685184105
440,2023-07-03,9.59,9.59,9.45,9.55,9.55,45631.0,,,9.46,0.08999999999999986,0.009513742071881603,72232.0,-26601.0,-0.36827168014176537
441,2023-07-04,9.45,9.635,9.42,9.61,9.61,33723.0,,,9.55,0.05999999999999872,0.006282722513088812,45631.0,-11908.0,-0.2609629418597006
442,2023-07-05,9.51,9.515,9.265,9.3,9.3,43662.0,,,9.61,-0.3099999999999987,-0.03225806451612889,33723.0,9939.0,0.2947246686237879
443,2023-07-06,9.2,9.225,9.005,9.06,9.06,66870.0,,,9.3,-0.2400000000000002,-0.02580645161290329,43662.0,23208.0,0.5315377215885668
444,2023-07-07,9.07,9.38,9.07,9.335,9.335,46061.0,,,9.06,0.27500000000000036,0.030353200883002307,66870.0,-20809.0,-0.31118588305667716
445,2023-07-10,9.33,9.45,9.235,9.235,9.235,43931.0,,,9.335,-0.10000000000000142,-0.010712372790573244,46061.0,-2130.0,-0.046243025553070916
446,2023-07-11,9.3,9.4,9.245,9.33,9.33,60155.0,,,9.235,0.09500000000000064,0.010286951813752054,43931.0,16224.0,0.3693064123284242
447,2023-07-12,9.355,9.595,9.295,9.585,9.585,58020.0,,,9.33,0.2550000000000008,0.027331189710610992,60155.0,-2135.0,-0.03549164657966919
448,2023-07-13,9.635,9.65,9.52,9.525,9.525,1338153.0,,,9.585,-0.0600000000000005,-0.006259780907668322,58020.0,1280133.0,22.063650465356773
449,2023-07-14,9.6,9.76,9.56,9.675,9.675,46069.0,,,9.525,0.15000000000000036,0.015748031496062964,1338153.0,-1292084.0,-0.9655726960967842
450,2023-07-17,9.57,9.57,9.32,9.39,9.39,44707.0,,,9.675,-0.28500000000000014,-0.029457364341085257,46069.0,-1362.0,-0.02956434912848116
451,2023-07-18,9.4,9.44,9.35,9.4,9.4,27717.0,,,9.39,0.009999999999999787,0.0010649627263046302,44707.0,-16990.0,-0.38002997293488716
452,2023-07-19,9.4,9.73,9.4,9.71,9.71,121700.0,,,9.4,0.3100000000000005,0.03297872340425534,27717.0,93983.0,3.3908070859039583
453,2023-07-20,9.665,9.7,9.515,9.53,9.53,37764.0,,,9.71,-0.1800000000000015,-0.018537590113285374,121700.0,-83936.0,-0.689695973705834
454,2023-07-21,9.52,9.52,9.33,9.4,9.4,34110.0,,,9.53,-0.129999999999999,-0.01364113326337868,37764.0,-3654.0,-0.09675881792183028
455,2023-07-24,9.35,9.465,9.34,9.375,9.375,36374.0,,,9.4,-0.025000000000000355,-0.0026595744680851796,34110.0,2264.0,0.0663734975080621
456,2023-07-25,9.4,9.545,9.385,9.5,9.5,54821.0,,,9.375,0.125,0.01333333333333342,36374.0,18447.0,0.5071479628305933
457,2023-07-26,9.455,9.83,9.375,9.83,9.83,63151.0,,,9.5,0.33000000000000007,0.03473684210526318,54821.0,8330.0,0.15194907061162688
458,2023-07-27,9.82,10.32,9.75,10.27,10.27,123104.0,,,9.83,0.4399999999999995,0.04476093591047814,63151.0,59953.0,0.9493594717423319
459,2023-07-28,10.1,10.27,10.01,10.24,10.24,41852.0,,,10.27,-0.02999999999999936,-0.0029211295034079487,123104.0,-81252.0,-0.660027293995321
460,2023-07-31,10.44,10.45,10.1,10.26,10.26,55099.0,,,10.24,0.019999999999999574,0.001953125,41852.0,13247.0,0.3165201185128548
461,2023-08-01,10.11,10.32,10.11,10.27,10.27,29404.0,,,10.26,0.009999999999999787,0.0009746588693957392,55099.0,-25695.0,-0.466342401858473
462,2023-08-02,10.21,10.21,10.01,10.11,10.11,51340.0,,,10.27,-0.16000000000000014,-0.015579357351509282,29404.0,21936.0,0.746020949530676
463,2023-08-03,10.05,10.17,9.89,9.965,9.965,69933.0,,,10.11,-0.14499999999999957,-0.014342235410484627,51340.0,18593.0,0.3621542656797818
464,2023-08-04,10.1,10.23,9.985,10.22,10.22,26557.0,,,9.965,0.2550000000000008,0.025589563472152577,69933.0,-43376.0,-0.6202508114909986
465,2023-08-07,,,,,,,,,10.22,,0.0,26557.0,,0.0
466,2023-08-08,10.25,10.28,10.11,10.26,10.26,34927.0,,,,,0.003913894324853118,,,0.3151711413186731
467,2023-08-09,10.28,10.39,10.14,10.14,10.14,51868.0,,,10.26,-0.11999999999999922,-0.011695906432748426,34927.0,16941.0,0.485040226758668
468,2023-08-10,10.26,10.26,10.02,10.17,10.17,33449.0,,,10.14,0.02999999999999936,0.002958579881656709,51868.0,-18419.0,-0.3551129791007943
469,2023-08-11,10.15,10.25,10.07,10.12,10.12,19662.0,,,10.17,-0.05000000000000071,-0.004916420845624492,33449.0,-13787.0,-0.41217973631498694
470,2023-08-14,10.01,10.07,9.25,9.525,9.525,87725.0,,,10.12,-0.5949999999999989,-0.05879446640316199,19662.0,68063.0,3.4616519174041294
471,2023-08-15,9.545,9.6,9.37,9.395,9.395,23007.0,,,9.525,-0.13000000000000078,-0.01364829396325462,87725.0,-64718.0,-0.7377372470789398
472,2023-08-16,9.5,9.68,9.33,9.58,9.58,38394.0,,,9.395,0.1850000000000005,0.019691325172964458,23007.0,15387.0,0.6687964532533577
473,2023-08-17,9.61,9.61,9.16,9.18,9.18,29612.0,,,9.58,-0.40000000000000036,-0.04175365344467641,38394.0,-8782.0,-0.2287336563004636
474,2023-08-18,9.17,9.195,8.855,9.02,9.02,59105.0,,,9.18,-0.16000000000000014,-0.017429193899782147,29612.0,29493.0,0.9959813589085507
475,2023-08-21,9.06,9.37,8.925,9.135,9.135,31723.0,,,9.02,0.11500000000000021,0.012749445676274895,59105.0,-27382.0,-0.4632772185094324
476,2023-08-22,9.315,9.485,9.225,9.275,9.275,28365.0,,,9.135,0.14000000000000057,0.01532567049808442,31723.0,-3358.0,-0.10585379692967245
477,2023-08-23,9.275,9.285,9.065,9.12,9.12,23260.0,,,9.275,-0.15500000000000114,-0.01671159029649605,28365.0,-5105.0,-0.17997532169927732
478,2023-08-24,9.15,9.305,8.985,9.025,9.025,36887.0,,,9.12,-0.09499999999999886,-0.010416666666666519,23260.0,13627.0,0.5858555460017196
479,2023-08-25,9.1,9.1,8.915,8.935,8.935,29663.0,,,9.025,-0.08999999999999986,-0.009972299168975018,36887.0,-7224.0,-0.19584135332230868
480,2023-08-28,9.0,9.08,8.955,9.035,9.035,17016.0,,,8.935,0.09999999999999964,0.011191941801902638,29663.0,-12647.0,-0.4263560664801268
481,2023-08-29,9.4,9.48,9.18,9.27,9.27,51313.0,,,9.035,0.23499999999999943,0.026009961261759695,17016.0,34297.0,2.015573577809121
482,2023-08-30,9.31,9.34,9.105,9.15,9.15,22543.0,,,9.27,-0.11999999999999922,-0.012944983818770184,51313.0,-28770.0,-0.5606766316527976
483,2023-08-31,9.16,9.425,9.16,9.385,9.385,64645.0,,,9.15,0.23499999999999943,0.025683060109289446,22543.0,42102.0,1.867630750121989
484,2023-09-01,9.43,9.475,9.23,9.3,9.3,27575.0,,,9.385,-0.08499999999999908,-0.009057005860415468,64645.0,-37070.0,-0.5734395544899065
485,2023-09-04,9.315,9.355,9.21,9.235,9.235,20667.0,,,9.3,-0.06500000000000128,-0.00698924731182804,27575.0,-6908.0,-0.2505167724388032
486,2023-09-05,9.2,9.24,9.115,9.17,9.17,18910.0,,,9.235,-0.0649999999999995,-0.0070384407146724115,20667.0,-1757.0,-0.08501475782648671
487,2023-09-06,9.1,9.22,9.03,9.1,9.1,19908.0,,,9.17,-0.07000000000000028,-0.007633587786259555,18910.0,998.0,0.05277630883130624
488,2023-09-07,9.12,9.27,9.01,9.1,9.1,28925.0,,,9.1,0.0,0.0,19908.0,9017.0,0.45293349407273453
489,2023-09-08,9.09,9.23,9.05,9.195,9.195,25849.0,,,9.1,0.09500000000000064,0.010439560439560402,28925.0,-3076.0,-0.10634399308556608
490,2023-09-11,9.2,9.41,9.155,9.28,9.28,29009.0,,,9.195,0.08499999999999908,0.009244154431756302,25849.0,3160.0,0.12224844287980186
491,2023-09-12,9.315,9.315,9.22,9.24,9.24,15032.0,,,9.28,-0.03999999999999915,-0.004310344827586077,29009.0,-13977.0,-0.4818159881416112
492,2023-09-13,9.35,9.35,9.05,9.15,9.15,49601.0,,,9.24,-0.08999999999999986,-0.009740259740259716,15032.0,34569.0,2.2996939861628527
493,2023-09-14,9.1,9.295,9.04,9.13,9.13,23393.0,,,9.15,-0.019999999999999574,-0.0021857923497267118,49601.0,-26208.0,-0.528376444023306
494,2023-09-15,9.12,9.4,9.02,9.06,9.06,29863.0,,,9.13,-0.07000000000000028,-0.00766703176341732,23393.0,6470.0,0.27657846364297023
495,2023-09-18,9.06,9.105,8.87,8.925,8.925,63489.0,,,9.06,-0.1349999999999998,-0.01490066225165565,29863.0,33626.0,1.12600877339852
496,2023-09-19,8.9,8.925,8.7,8.73,8.73,40583.0,,,8.925,-0.19500000000000028,-0.021848739495798353,63489.0,-22906.0,-0.3607869079683095
497,2023-09-20,8.7,8.935,8.7,8.885,8.885,25029.0,,,8.73,0.15499999999999936,0.017754868270332125,40583.0,-15554.0,-0.38326392824581723
498,2023-09-21,8.805,8.96,8.695,8.85,8.85,37844.0,,,8.885,-0.03500000000000014,-0.003939223410241999,25029.0,12815.0,0.5120060729553717
499,2023-09-22,8.835,8.84,8.725,8.745,8.745,25158.0,,,8.85,-0.10500000000000043,-0.011864406779661052,37844.0,-12686.0,-0.33521826445407465
500,2023-09-25,8.74,8.78,8.52,8.62,8.62,70432.0,,,8.745,-0.125,-0.014293882218410547,25158.0,45274.0,1.7995866126083153
501,2023-09-26,8.7,8.7,8.54,8.565,8.565,25459.0,,,8.62,-0.054999999999999716,-0.006380510440835208,70432.0,-44973.0,-0.6385307814629714
502,2023-09-27,8.54,8.56,8.205,8.285,8.285,60795.0,,,8.565,-0.27999999999999936,-0.032691185055458205,25459.0,35336.0,1.3879571075061863
503,2023-09-28,8.37,8.51,8.295,8.5,8.5,24867.0,,,8.285,0.21499999999999986,0.025950512975256412,60795.0,-35928.0,-0.5909696521095484
504,2023-09-29,8.515,8.915,8.505,8.6,8.6,76768.0,,,8.5,0.09999999999999964,0.0117647058823529,24867.0,51901.0,2.087143603973137
505,2023-10-02,8.65,8.8,8.4,8.49,8.49,39348.0,,,8.6,-0.10999999999999943,-0.012790697674418539,76768.0,-37420.0,-0.4874426844518549
506,2023-10-03,8.4,8.425,8.225,8.32,8.32,82556.0,,,8.49,-0.16999999999999993,-0.020023557126030656,39348.0,43208.0,1.0980990139270101
507,2023-10-04,8.15,8.32,7.605,7.605,7.605,105322.0,,,8.32,-0.7149999999999999,-0.0859375,82556.0,22766.0,0.27576432966713504
